PitchNo,Date,Time,PAofInning,PitchofPA,Pitcher,PitcherId,PitcherThrows,PitcherTeam,Batter,BatterId,BatterSide,BatterTeam,PitcherSet,Inning,Top/Bottom,Outs,Balls,Strikes,TaggedPitchType,AutoPitchType,PitchCall,KorBB,TaggedHitType,PlayResult,OutsOnPlay,RunsScored,Notes,RelSpeed,VertRelAngle,HorzRelAngle,SpinRate,SpinAxis,Tilt,RelHeight,RelSide,Extension,VertBreak,InducedVertBreak,HorzBreak,PlateLocHeight,PlateLocSide,ZoneSpeed,VertApprAngle,HorzApprAngle,ZoneTime,ExitSpeed,Angle,Direction,HitSpinRate,PositionAt110X,PositionAt110Y,PositionAt110Z,Distance,LastTrackedDistance,Bearing,HangTime,pfxx,pfxz,x0,y0,z0,vx0,vy0,vz0,ax0,ay0,az0,HomeTeam,AwayTeam,Stadium,Level,League,GameID,PitchUID,EffectiveVelo,MaxHeight,MeasuredDuration,SpeedDrop,PitchLastMeasuredX,PitchLastMeasuredY,PitchLastMeasuredZ,ContactPositionX,ContactPositionY,ContactPositionZ,GameUID,UTCDate,UTCTime,LocalDateTime,UTCDateTime,AutoHitType,System,HomeTeamForeignID,AwayTeamForeignID,GameForeignID,Catcher,CatcherId,CatcherThrows,CatcherTeam,PlayID,PitchTrajectoryXc0,PitchTrajectoryXc1,PitchTrajectoryXc2,PitchTrajectoryYc0,PitchTrajectoryYc1,PitchTrajectoryYc2,PitchTrajectoryZc0,PitchTrajectoryZc1,PitchTrajectoryZc2,HitSpinAxis,HitTrajectoryXc0,HitTrajectoryXc1,HitTrajectoryXc2,HitTrajectoryXc3,HitTrajectoryXc4,HitTrajectoryXc5,HitTrajectoryXc6,HitTrajectoryXc7,HitTrajectoryXc8,HitTrajectoryYc0,HitTrajectoryYc1,HitTrajectoryYc2,HitTrajectoryYc3,HitTrajectoryYc4,HitTrajectoryYc5,HitTrajectoryYc6,HitTrajectoryYc7,HitTrajectoryYc8,HitTrajectoryZc0,HitTrajectoryZc1,HitTrajectoryZc2,HitTrajectoryZc3,HitTrajectoryZc4,HitTrajectoryZc5,HitTrajectoryZc6,HitTrajectoryZc7,HitTrajectoryZc8,ThrowSpeed,PopTime,ExchangeTime,TimeToBase,CatchPositionX,CatchPositionY,CatchPositionZ,ThrowPositionX,ThrowPositionY,ThrowPositionZ,BasePositionX,BasePositionY,BasePositionZ,ThrowTrajectoryXc0,ThrowTrajectoryXc1,ThrowTrajectoryXc2,ThrowTrajectoryYc0,ThrowTrajectoryYc1,ThrowTrajectoryYc2,ThrowTrajectoryZc0,ThrowTrajectoryZc1,ThrowTrajectoryZc2,PitchReleaseConfidence,PitchLocationConfidence,PitchMovementConfidence,HitLaunchConfidence,HitLandingConfidence,CatcherThrowCatchConfidence,CatcherThrowReleaseConfidence,CatcherThrowLocationConfidence
1,6/5/2025,40:58.2,1,1,"McNaught, Ray",1000145668,Right,NSH_N,"Mainolfi, Ty",1000437382,Left,KEE_SWA,Undefined,4,Bottom,0,0,0,Fastball,Four-Seam,BallCalled,Undefined,Undefined,Undefined,0,0,,92.89626,-3.471739,-2.464689,2337.533565,219.133637,1:15,6.1334,0.99024,6.82019,-19.3534,12.14961,9.02934,1.34651,-0.50725,84.76548,-7.156673,-0.81577,0.403969,,,,,,,,,,,,-5.5367,7.79571,-0.83448,50,5.90211,5.45775,-134.77321,-8.71325,-10.11967,31.0054,-17.92544,KEE_SWA,NSH_N,Keene,NECBL,NECL,20250605-Keene-1,8835ccd0-4266-11f0-9daa-eb69249eb7d2,93.30538,,,8.13077,,,,,,,82e0a6d3-bf4e-42ff-b062-da2b3a60cc15,6/5/2025,40:58.2,2025-06-05T19:40:58.2490000-04:00,2025-06-05T23:40:58.2490000Z,,v3,,,,"Sengenberger, Aidan",10034113,Right,NSH_N,bd34cea9-7777-4d10-9750-a6be71b2a2ac,53.6802,-135.61722,15.5027,6.13266,-8.22529,-8.96272,-0.98679,5.73323,-5.05984,,,,,,,,,,,,,,,,,,,,,,,,,,,,,,,,,,,,,,,,,,,,,,,,,,,High,High,High,,,,,
2,6/5/2025,41:13.7,1,2,"McNaught, Ray",1000145668,Right,NSH_N,"Mainolfi, Ty",1000437382,Left,KEE_SWA,Undefined,4,Bottom,0,1,0,Fastball,Four-Seam,StrikeSwinging,Undefined,Undefined,Undefined,0,0,,93.33257,-2.908258,-2.155368,2366.611817,225.517723,1:30,6.0931,0.95906,6.70052,-19.43903,11.95938,11.08414,1.80972,-0.08905,84.86549,-6.612116,-0.135201,0.403297,,,,,,,,,,,,-6.51103,7.52166,-0.81965,50,5.89173,4.65974,-135.44313,-7.43413,-11.98464,32.10311,-18.32923,KEE_SWA,NSH_N,Keene,NECBL,NECL,20250605-Keene-1,916d4440-4266-11f0-9daa-eb69249eb7d2,93.46071,,,8.46708,,,,,,,82e0a6d3-bf4e-42ff-b062-da2b3a60cc15,6/5/2025,41:13.7,2025-06-05T19:41:13.7430000-04:00,2025-06-05T23:41:13.7430000Z,,v3,,,,"Sengenberger, Aidan",10034113,Right,NSH_N,0f0ef684-71ba-4b7b-bf90-85c557d395ae,53.79918,-136.34064,16.05155,6.0924,-6.9217,-9.16461,-0.95461,4.9948,-5.99232,,,,,,,,,,,,,,,,,,,,,,,,,,,,,,,,,,,,,,,,,,,,,,,,,,,High,High,High,,,,,
4,6/5/2025,41:49.8,1,4,"McNaught, Ray",1000145668,Right,NSH_N,"Mainolfi, Ty",1000437382,Left,KEE_SWA,Undefined,4,Bottom,0,2,1,Fastball,Four-Seam,BallCalled,Undefined,Undefined,Undefined,0,0,,92.30872,-0.956357,-0.998863,2518.566572,202.800497,12:45,6.18945,0.97692,6.48005,-14.93099,17.24595,6.80477,4.06682,0.6267,83.93784,-3.847002,0.235988,0.408267,,,,,,,,,,,,-3.82599,9.59914,-0.9093,50,6.11519,2.05654,-134.13041,-2.61536,-6.93454,30.3941,-14.77579,KEE_SWA,NSH_N,Keene,NECBL,NECL,20250605-Keene-1,a6d723a0-4266-11f0-9daa-eb69249eb7d2,92.3231,,,8.37089,,,,,,,82e0a6d3-bf4e-42ff-b062-da2b3a60cc15,6/5/2025,41:49.8,2025-06-05T19:41:49.7690000-04:00,2025-06-05T23:41:49.7690000Z,,v3,,,,"Sengenberger, Aidan",10034113,Right,NSH_N,c5d195f2-864e-4562-8d08-b343f0e03b79,54.01789,-135.0378,15.19705,6.18669,-2.17425,-7.38789,-0.97379,2.26357,-3.46727,,,,,,,,,,,,,,,,,,,,,,,,,,,,,,,,,,,,,,,,,,,,,,,,,,,High,High,High,,,,,
5,6/5/2025,42:10.8,1,5,"McNaught, Ray",1000145668,Right,NSH_N,"Mainolfi, Ty",1000437382,Left,KEE_SWA,Undefined,4,Bottom,0,3,1,Fastball,Four-Seam,FoulBallNotFieldable,Undefined,Undefined,Undefined,0,0,,91.76389,-2.038644,-1.088216,2458.818248,217.013782,1:15,6.1022,0.97023,6.67356,-20.29509,12.01993,8.26674,2.54474,0.66343,83.74755,-5.900013,0.41845,0.409141,,,,,,,,,,,,-4.67937,7.25662,-0.90035,50,5.95741,2.21169,-133.35592,-5.31959,-8.38574,29.97683,-19.16978,KEE_SWA,NSH_N,Keene,NECBL,NECL,20250605-Keene-1,b381a1c0-4266-11f0-9daa-eb69249eb7d2,92.12569,,,8.01634,,,,,,,82e0a6d3-bf4e-42ff-b062-da2b3a60cc15,6/5/2025,42:10.8,2025-06-05T19:42:10.8450000-04:00,2025-06-05T23:42:10.8450000Z,,v3,,,,"Sengenberger, Aidan",10034113,Right,NSH_N,98c232bd-7a6d-4081-bf6f-47e5db7157ce,53.82624,-134.21325,14.98842,6.10172,-4.77134,-9.58489,-0.96703,2.45152,-4.19287,,,,,,,,,,,,,,,,,,,,,,,,,,,,,,,,,,,,,,,,,,,,,,,,,,,High,High,High,,,,,
6,6/5/2025,42:37.3,1,6,"McNaught, Ray",1000145668,Right,NSH_N,"Mainolfi, Ty",1000437382,Left,KEE_SWA,Undefined,4,Bottom,0,3,2,Fastball,Four-Seam,InPlay,Undefined,GroundBall,Out,1,0,,91.87892,-1.27913,-1.976991,2303.444294,208.25359,1:00,6.13073,0.99323,6.56683,-17.16355,15.16623,7.58831,3.52693,-0.18749,83.77802,-4.572851,-0.598377,0.409235,82.00214,-29.289333,46.645984,,,,,8.14444,7.52066,35.014741,0.060511,-4.57681,8.6626,-0.86023,50,6.03522,4.31286,-133.51952,-3.44694,-8.23164,29.73873,-16.59385,KEE_SWA,NSH_N,Keene,NECBL,NECL,20250605-Keene-1,c3410100-4266-11f0-9daa-eb69249eb7d2,92.1046,3.5737,,8.1009,,,,2.29659,3.5737,0.04063,82e0a6d3-bf4e-42ff-b062-da2b3a60cc15,6/5/2025,42:37.3,2025-06-05T19:42:37.3120000-04:00,2025-06-05T23:42:37.3120000Z,GroundBall,v3,,,,"Sengenberger, Aidan",10034113,Right,NSH_N,6c1015ab-0f44-4017-aec9-605e58b0e890,53.93369,-134.39281,14.86937,6.12929,-2.95966,-8.29692,-0.99043,4.55459,-4.11582,180,2.29397,72.27981,,,,,,,,3.57584,-59.05841,,,,,,,,0.03785,76.55674,,,,,,,,,,,,,,,,,,,,,,,,,,,,,,High,High,High,Low,Low,,,
9,6/5/2025,43:51.2,2,3,"McNaught, Ray",1000145668,Right,NSH_N,"Spielman-Rodriguez, Pablo",1000368674,Right,KEE_SWA,Undefined,4,Bottom,1,2,0,Fastball,Four-Seam,BallCalled,Undefined,Undefined,Undefined,0,0,,91.07317,-0.854618,-1.400849,2522.69735,188.258734,12:15,6.05446,1.06297,6.75899,-17.32017,15.22895,2.06288,3.83024,-0.04488,83.27096,-4.186203,-1.024609,0.410621,,,,,,,,,,,,-1.4726,8.59229,-0.97192,50,5.99143,3.15801,-132.43285,-2.41484,-2.61502,28.30218,-16.91576,KEE_SWA,NSH_N,Keene,NECBL,NECL,20250605-Keene-1,ef2f0960-4266-11f0-9daa-eb69249eb7d2,91.7938,,,7.80221,,,,,,,82e0a6d3-bf4e-42ff-b062-da2b3a60cc15,6/5/2025,43:51.2,2025-06-05T19:43:51.1690000-04:00,2025-06-05T23:43:51.1690000Z,,v3,,,,"Sengenberger, Aidan",10034113,Right,NSH_N,0ca78a24-68d5-452c-856e-db88033239e5,53.73942,-133.2296,14.15109,6.05271,-1.93863,-8.45788,-1.06186,3.23163,-1.30751,,,,,,,,,,,,,,,,,,,,,,,,,,,,,,,,,,,,,,,,,,,,,,,,,,,High,High,High,,,,,
10,6/5/2025,44:07.5,2,4,"McNaught, Ray",1000145668,Right,NSH_N,"Spielman-Rodriguez, Pablo",1000368674,Right,KEE_SWA,Undefined,4,Bottom,1,3,0,Fastball,Four-Seam,StrikeCalled,Undefined,Undefined,Undefined,0,0,,89.35929,-1.933579,-1.8362,2409.979943,185.910055,12:15,6.2458,1.19792,6.51585,-20.40824,13.69579,1.3087,2.76925,-0.37853,82.02518,-5.80071,-1.598617,0.420314,,,,,,,,,,,,-1.18347,8.0328,-1.07044,50,6.10189,4.11161,-129.84257,-4.95858,-2.02466,26.64789,-18.43176,KEE_SWA,NSH_N,Keene,NECBL,NECL,20250605-Keene-1,f90ea7b0-4266-11f0-9daa-eb69249eb7d2,89.67678,,,7.33411,,,,,,,82e0a6d3-bf4e-42ff-b062-da2b3a60cc15,6/5/2025,44:07.5,2025-06-05T19:44:07.4910000-04:00,2025-06-05T23:44:07.4910000Z,,v3,,,,"Sengenberger, Aidan",10034113,Right,NSH_N,7188720c-cd79-4082-8644-f04588291ad9,53.98352,-130.65756,13.32395,6.24492,-4.39487,-9.21588,-1.19714,4.17353,-1.01233,,,,,,,,,,,,,,,,,,,,,,,,,,,,,,,,,,,,,,,,,,,,,,,,,,,High,High,High,,,,,
11,6/5/2025,44:24.8,2,5,"McNaught, Ray",1000145668,Right,NSH_N,"Spielman-Rodriguez, Pablo",1000368674,Right,KEE_SWA,Undefined,4,Bottom,1,3,1,Fastball,Four-Seam,BallCalled,Walk,Undefined,Undefined,0,0,,90.30831,-0.435079,-1.625219,2451.079766,203.795388,12:45,6.13529,1.14266,6.37713,-22.68222,11.0104,4.37784,3.84464,0.01182,82.3689,-4.723524,-0.832485,0.417771,,,,,,,,,,,,-2.73185,6.19567,-1.02727,50,6.09336,3.54365,-131.21118,-1.68288,-4.74898,28.50154,-21.40369,KEE_SWA,NSH_N,Keene,NECBL,NECL,20250605-Keene-1,03375cf0-4267-11f0-9daa-eb69249eb7d2,90.22262,,,7.93941,,,,,,,82e0a6d3-bf4e-42ff-b062-da2b3a60cc15,6/5/2025,44:24.8,2025-06-05T19:44:24.7840000-04:00,2025-06-05T23:44:24.7840000Z,,v3,,,,"Sengenberger, Aidan",10034113,Right,NSH_N,72c370c5-f15c-4843-a165-99456160e561,54.12115,-132.10333,14.25077,6.13555,-1.0129,-10.70185,-1.14052,3.6923,-2.37449,,,,,,,,,,,,,,,,,,,,,,,,,,,,,,,,,,,,,,,,,,,,,,,,,,,High,High,High,,,,,
12,6/5/2025,44:59.1,3,1,"McNaught, Ray",1000145668,Right,NSH_N,"Pitts, Gabriel",10147423,Right,KEE_SWA,Undefined,4,Bottom,1,0,0,Fastball,Four-Seam,StrikeCalled,Undefined,Undefined,CaughtStealing,1,0,,90.09577,-1.392343,-2.25927,2413.805201,194.103695,12:30,6.06887,0.98446,6.68942,-19.26119,14.01079,3.26689,3.18912,-0.81067,82.73742,-5.063005,-1.664582,0.415155,,,,,,,,,,,,-2.31705,8.07481,-0.83489,50,5.968,5.0404,-130.95953,-3.70157,-4.0392,26.67278,-18.09764,KEE_SWA,NSH_N,Keene,NECBL,NECL,20250605-Keene-1,17db2d30-4267-11f0-9daa-eb69249eb7d2,90.79114,,,7.35836,,,,,,,82e0a6d3-bf4e-42ff-b062-da2b3a60cc15,6/5/2025,44:59.1,2025-06-05T19:44:59.1430000-04:00,2025-06-05T23:44:59.1430000Z,,v3,,,,"Sengenberger, Aidan",10034113,Right,NSH_N,9f3cc66c-0f73-4086-81af-23fc96bc4f48,53.8097,-131.73318,13.33639,6.06776,-3.17665,-9.04882,-0.98278,5.15756,-2.0196,,,,,,,,,,,,,,,,,,,,,,,,,,,,,78.30076,1.97791,0.659917,1.317993,-1.75768,2.90064,0.90192,-3.95277,6.3104,0.938,127.2799,1.18442,-0.93151,-3.81487,112.3394,-9.89038,6.36674,14.03497,-13.68679,0.91862,-2.72282,1.01783,High,High,High,,,High,High,High
1,6/7/2025,34:13.3,1,1,"McNaught, Ray",1000145668,Right,NSH_N,"Carr, Cade",1000090767,Right,VAL_BLU,Undefined,6,Bottom,0,0,0,Fastball,Four-Seam,StrikeSwinging,Undefined,Undefined,Undefined,0,0,,92.50269,-1.713652,-1.847831,2525.601217,205.659641,12:45,6.43412,0.75927,6.52001,-15.34072,16.62273,7.48634,3.58211,-0.3129,84.33556,-4.671107,-0.488821,0.40691,,,,,,,,,,,,-4.41831,9.49378,-0.63339,50,6.30769,4.02535,-134.35832,-4.41514,-8.05451,29.85057,-14.86694,VAL_BLU,NSH_N,MackenzieStadium,NECBL,NECL,20250607-MackenzieStadium-1,4d6ccc70-4400-11f0-a67e-c7b027504206,92.63097,,,8.16713,,,,,,,2d2e025b-1060-41cf-b8a3-dd851e4412c3,6/8/2025,34:13.3,2025-06-07T20:34:13.2628992-04:00,2025-06-08T00:34:13.2628992Z,,v3,,,,"Kea, Jaydon",1000069129,Right,NSH_N,b578b80c-dc5c-443e-9558-01f2d37a0241,53.97751,-135.23912,14.92529,6.4315,-3.97646,-7.43347,-0.75568,4.26302,-4.02725,,,,,,,,,,,,,,,,,,,,,,,,,,,,,,,,,,,,,,,,,,,,,,,,,,,High,High,High,,,,,
3,6/7/2025,34:50.2,1,3,"McNaught, Ray",1000145668,Right,NSH_N,"Carr, Cade",1000090767,Right,VAL_BLU,Undefined,6,Bottom,0,0,2,Fastball,Four-Seam,BallCalled,Undefined,Undefined,Undefined,0,0,,93.0552,-1.386982,-2.367044,2656.967212,196.424938,12:30,6.37456,0.70809,6.61544,-13.84044,17.76367,4.92311,3.94957,-1.05078,84.46387,-4.084882,-1.472455,0.404616,,,,,,,,,,,,-3.26126,10.02945,-0.54883,50,6.2739,5.37907,-135.09186,-3.59355,-5.9864,31.26948,-13.76387,VAL_BLU,NSH_N,MackenzieStadium,NECBL,NECL,20250607-MackenzieStadium-1,636b23a0-4400-11f0-a67e-c7b027504206,93.15607,,,8.59133,,,,,,,2d2e025b-1060-41cf-b8a3-dd851e4412c3,6/8/2025,34:50.2,2025-06-07T20:34:50.1805568-04:00,2025-06-08T00:34:50.1805568Z,,v3,,,,"Kea, Jaydon",1000069129,Right,NSH_N,f7a1f6ef-90b4-4950-a285-19fed888b2cb,53.88077,-135.98717,15.63474,6.37115,-3.19946,-6.88194,-0.7053,5.55048,-2.9932,,,,,,,,,,,,,,,,,,,,,,,,,,,,,,,,,,,,,,,,,,,,,,,,,,,High,High,High,,,,,
6,6/7/2025,36:01.7,2,2,"McNaught, Ray",1000145668,Right,NSH_N,"Burdette, Clay",812185,Right,VAL_BLU,Undefined,6,Bottom,1,1,0,Fastball,Four-Seam,FoulBallNotFieldable,Undefined,Undefined,Undefined,0,0,,92.78631,-2.9108,-0.506246,2615.056095,200.381132,12:45,6.22378,0.64429,6.62897,-17.643,14.01969,4.82544,2.08591,0.58287,84.78092,-6.276491,0.372555,0.404991,69.67814,45.799417,140.679724,5333.360914,,,,,28.85974,,,-2.69114,8.5415,-0.61182,50,6.01912,1.00091,-134.77185,-7.33821,-4.93112,30.31752,-16.52303,VAL_BLU,NSH_N,MackenzieStadium,NECBL,NECL,20250607-MackenzieStadium-1,8e1f2560-4400-11f0-a67e-c7b027504206,93.06988,28.23867,,8.00539,,,,1.43431,1.9305,-0.43596,2d2e025b-1060-41cf-b8a3-dd851e4412c3,6/8/2025,36:01.7,2025-06-07T20:36:01.6818688-04:00,2025-06-08T00:36:01.6818688Z,,v3,,,,"Kea, Jaydon",1000069129,Right,NSH_N,99e3d8ca-25c1-4f06-8277-8d5d8f798c69,53.87027,-135.63969,15.15876,6.22241,-6.86523,-8.26151,-0.6425,1.14206,-2.46556,,1.43961,-55.28361,2.14264,,,,,,,1.95512,72.51438,-30.23397,,,,,,,-0.42594,44.84194,-8.63429,,,,,,,,,,,,,,,,,,,,,,,,,,,,,High,High,High,High,Undefined,,,
9,6/7/2025,37:33.7,3,2,"McNaught, Ray",1000145668,Right,NSH_N,"Lucarelli, Michael",824566,Left,VAL_BLU,Undefined,6,Bottom,2,1,0,Fastball,Four-Seam,InPlay,Undefined,FlyBall,Double,1,0,,91.8022,-1.721057,-1.692871,2611.955583,202.869687,12:45,6.27644,0.72962,6.51797,-15.53548,17.04343,6.72555,3.40146,-0.2637,83.38701,-4.724176,-0.471858,0.410809,94.9019,29.704259,8.079411,2252.265423,109.25882,59.49318,12.74444,347.26188,345.90715,3.008683,5.034026,-4.03634,9.78095,-0.61441,50,6.14954,3.67178,-133.32725,-4.40533,-7.21011,30.70832,-14.70239,VAL_BLU,NSH_N,MackenzieStadium,NECBL,NECL,20250607-MackenzieStadium-1,c4fd78c0-4400-11f0-a67e-c7b027504206,91.75176,82.4987,,8.41519,,,,0.95653,3.42123,0.27814,2d2e025b-1060-41cf-b8a3-dd851e4412c3,6/8/2025,37:33.7,2025-06-07T20:37:33.6854528-04:00,2025-06-08T00:37:33.6854528Z,FlyBall,v3,,,,"Kea, Jaydon",1000069129,Right,NSH_N,40a0309c-9997-499f-83e1-ce213b74a88c,53.98067,-134.24096,15.35416,6.27411,-3.96787,-7.35119,-0.72685,3.88631,-3.60506,165.251774,0.95706,119.69161,-22.72705,5.33345,-1.19785,0.26419,-0.0489,0.00573,-0.00029,3.42228,68.94109,-16.57528,0.59774,0.24081,-0.17598,0.04984,-0.00664,0.00034,0.27856,16.98436,-6.48136,1.66459,-0.38881,0.08405,-0.01451,0.00159,-8.00E-05,,,,,,,,,,,,,,,,,,,,,,,High,High,High,High,Medium,,,
2,6/11/2025,15:50.9,1,2,"McNaught, Ray",1000145668,Right,NSH_N,"Sencaj, Brendan",10103630,Right,SAN_MAI,Undefined,6,Top,0,0,1,Fastball,Four-Seam,FoulBallNotFieldable,Undefined,Undefined,Undefined,0,0,,93.98983,-2.929471,-0.778127,2586.906113,188.425569,12:15,6.08784,0.46838,6.81699,-11.54434,19.20296,2.68984,2.45063,-0.01741,85.41766,-5.206509,-0.286827,0.399094,58.37525,15.140309,155.780103,3497.714558,,,,108.48457,62.85547,160.913242,1.458215,-1.64748,11.33603,-0.41906,50,5.89401,1.7456,-136.47877,-7.20981,-3.08497,32.05878,-10.94707,NSH_N,SAN_MAI,FraserField,NECBL,NECL,20250611-FraserField-1,588248b0-46df-11f0-9fbc-bf0dcfcc4829,94.44511,9.70371,,8.57217,,,,,,,7f056924-895b-455a-a18f-cc0cc36b8e27,6/11/2025,15:50.9,2025-06-11T12:15:50.9129728-04:00,2025-06-11T16:15:50.9129728Z,GroundBall,v3,,,,"Sengenberger, Aidan",10034113,Right,NSH_N,f0abd2a6-a6bb-4e40-ae91-84ebf5216e90,53.67851,-137.34013,16.02939,6.08377,-6.91568,-5.47354,-0.46708,1.82849,-1.54249,279.231057,-2.68379,-75.37524,4.62202,-0.22047,0.89486,-0.92924,0.42337,-0.0729,-0.00084,2.52992,22.36153,-18.25508,1.37521,-0.24257,0.25591,-0.23162,0.10048,-0.01716,0.04855,33.91009,-7.16331,0.86082,-1.22152,1.25124,-0.61647,0.13189,-0.00628,,,,,,,,,,,,,,,,,,,,,,,High,High,High,High,Medium,,,
5,6/11/2025,17:33.9,2,2,"McNaught, Ray",1000145668,Right,NSH_N,"Kent, Zack",1000215889,Right,SAN_MAI,Undefined,6,Top,1,1,0,Fastball,Four-Seam,FoulBallNotFieldable,Undefined,Undefined,Undefined,0,0,,92.63041,-2.670101,-1.540981,2495.386678,204.643076,12:45,6.02861,0.60215,6.69774,-22.89958,8.96827,3.61669,1.67613,-0.50587,84.29211,-7.000976,-0.881378,0.406301,,,,,,,,,,,,-2.3811,5.88067,-0.50097,50,5.84195,3.47556,-134.47631,-6.95057,-4.3176,31.82234,-21.5107,NSH_N,SAN_MAI,FraserField,NECBL,NECL,20250611-FraserField-1,96044940-46df-11f0-9fbc-bf0dcfcc4829,92.76978,,,8.3383,,,,,,,7f056924-895b-455a-a18f-cc0cc36b8e27,6/11/2025,17:33.9,2025-06-11T12:17:33.9483648-04:00,2025-06-11T16:17:33.9483648Z,,v3,,,,"Sengenberger, Aidan",10034113,Right,NSH_N,24d8c73e-6b72-4b0b-ae93-91e525f6f94c,53.79898,-135.37231,15.91117,6.02912,-6.34491,-10.75535,-0.60054,3.59713,-2.1588,,,,,,,,,,,,,,,,,,,,,,,,,,,,,,,,,,,,,,,,,,,,,,,,,,,High,High,High,,,,,
10,6/11/2025,26:55.6,1,3,"McNaught, Ray",1000145668,Right,NSH_N,"Toomey, Jack",809057,Right,SAN_MAI,Undefined,7,Top,0,0,2,Fastball,Four-Seam,BallCalled,Undefined,Undefined,Undefined,0,0,,92.42371,-0.755766,-1.718069,2491.329227,202.569345,12:45,6.16091,0.82572,6.64893,-14.4178,17.86367,6.9337,4.26736,-0.16941,83.03366,-3.587327,-0.456384,0.408929,,,,,,,,,,,,-4.17173,9.95225,-0.71226,50,6.10361,3.73533,-134.13828,-2.09407,-7.46739,33.76609,-14.35945,NSH_N,SAN_MAI,FraserField,NECBL,NECL,20250611-FraserField-1,e4ac4880-46e0-11f0-9fbc-bf0dcfcc4829,92.17353,,,9.39005,,,,,,,7f056924-895b-455a-a18f-cc0cc36b8e27,6/11/2025,26:55.6,2025-06-11T12:26:55.5696640-04:00,2025-06-11T16:26:55.5696640Z,,v3,,,,"Sengenberger, Aidan",10034113,Right,NSH_N,02675ff3-56ed-4689-8077-65dfce7e8dfa,53.84429,-135.10252,16.88305,6.15755,-1.68402,-7.17972,-0.82197,3.94857,-3.73369,,,,,,,,,,,,,,,,,,,,,,,,,,,,,,,,,,,,,,,,,,,,,,,,,,,High,High,High,,,,,
13,6/11/2025,28:08.5,1,6,"McNaught, Ray",1000145668,Right,NSH_N,"Toomey, Jack",809057,Right,SAN_MAI,Undefined,7,Top,0,2,2,Fastball,Four-Seam,FoulBallNotFieldable,Undefined,Undefined,Undefined,0,0,,93.34396,-2.966809,-2.118593,2545.64287,195.542623,12:30,6.15373,0.56991,6.82632,-14.4943,16.50784,4.31591,2.2354,-1.00379,85.41781,-5.7676,-1.330709,0.400744,88.2696,13.643107,58.05557,4463.244526,50.584,18.84411,97.6792,224.9332,143.46081,66.604109,2.336636,-2.8813,9.89296,-0.43516,50,5.95709,4.84801,-135.55656,-7.37867,-5.35695,29.85407,-13.78084,NSH_N,SAN_MAI,FraserField,NECBL,NECL,20250611-FraserField-1,103a7da0-46e1-11f0-9fbc-bf0dcfcc4829,94.05613,19.03426,,7.92615,,,,-0.68694,2.0648,0.88541,7f056924-895b-455a-a18f-cc0cc36b8e27,6/11/2025,28:08.5,2025-06-11T12:28:08.4677120-04:00,2025-06-11T16:28:08.4677120Z,LineDrive,v3,,,,"Sengenberger, Aidan",10034113,Right,NSH_N,0bcbdf74-5036-4538-bda7-4cc61b94cb07,53.67111,-136.36266,14.92703,6.1513,-7.00657,-6.89042,-0.56801,4.99265,-2.67847,,-0.68691,66.56343,-19.13473,4.582,-0.90361,0.1056,0.01416,-0.00819,0.00099,2.06474,30.54024,-13.92211,0.14646,-0.08008,0.16483,-0.09717,0.02546,-0.00252,0.88541,106.7567,-12.31771,2.67929,-0.52556,0.09969,-0.01681,0.00185,-8.00E-05,,,,,,,,,,,,,,,,,,,,,,,High,High,High,High,Medium,,,
15,6/11/2025,29:16.5,2,1,"McNaught, Ray",1000145668,Right,NSH_N,"Schaaf, Blake",821877,Left,SAN_MAI,Undefined,7,Top,1,0,0,Fastball,Four-Seam,BallCalled,Undefined,Undefined,Undefined,0,0,,92.77835,-5.366193,-2.026831,2491.710121,192.29019,12:30,5.97663,0.70505,6.57179,-13.45658,18.62308,3.81449,-0.08091,-0.83564,84.51084,-7.961316,-1.333741,0.407649,,,,,,,,,,,,-2.65914,11.82697,-0.56748,50,5.60121,4.60763,-134.25826,-12.95407,-4.81121,31.43556,-10.7753,NSH_N,SAN_MAI,FraserField,NECBL,NECL,20250611-FraserField-1,38c584e0-46e1-11f0-9fbc-bf0dcfcc4829,92.463,,,8.26751,,,,,,,7f056924-895b-455a-a18f-cc0cc36b8e27,6/11/2025,29:16.5,2025-06-11T12:29:16.5250048-04:00,2025-06-11T16:29:16.5250048Z,,v3,,,,"Sengenberger, Aidan",10034113,Right,NSH_N,a4bdf31b-4771-44ae-8fa3-d8903b17d150,53.92793,-135.17483,15.71778,5.97433,-12.63989,-5.38765,-0.70387,4.74791,-2.40561,,,,,,,,,,,,,,,,,,,,,,,,,,,,,,,,,,,,,,,,,,,,,,,,,,,High,High,High,,,,,
16,6/11/2025,29:40.8,2,2,"McNaught, Ray",1000145668,Right,NSH_N,"Schaaf, Blake",821877,Left,SAN_MAI,Undefined,7,Top,1,1,0,Fastball,Four-Seam,FoulBallNotFieldable,Undefined,Undefined,Undefined,0,0,,92.25214,-1.086133,-1.275221,2531.712794,189.683821,12:15,6.07332,0.68719,6.5835,-20.67391,11.34772,1.76126,3.3548,-0.33483,84.2089,-5.013617,-0.954916,0.40728,80.01127,14.353646,-128.568633,2954.631429,-79.39926,10.53617,-76.12986,147.21794,63.57953,-138.915133,1.668231,-1.29016,6.58977,-0.60054,50,5.99017,2.91477,-134.09751,-3.14579,-2.34167,29.87108,-20.21361,NSH_N,SAN_MAI,FraserField,NECBL,NECL,20250611-FraserField-1,473ecf90-46e1-11f0-9fbc-bf0dcfcc4829,92.54676,13.37923,,8.04324,,,,-1.01943,3.24033,0.51073,7f056924-895b-455a-a18f-cc0cc36b8e27,6/11/2025,29:40.8,2025-06-11T12:29:40.7605248-04:00,2025-06-11T16:29:40.7605248Z,LineDrive,v3,,,,"Sengenberger, Aidan",10034113,Right,NSH_N,cec241b0-7882-4f23-ba58-7364d95e660b,53.91332,-134.96641,14.93554,6.07312,-2.55781,-10.1068,-0.68632,2.98289,-1.17084,,-1.01942,-70.87805,0.92415,1.98664,-0.70824,0.21636,-0.04916,0.00822,-0.00074,3.24033,29.0917,-23.18137,3.77102,-0.8819,0.21457,-0.0421,0.00649,-0.00056,0.51073,-88.88714,22.89786,-3.69906,0.72845,-0.10761,0.01272,-0.00166,0.00013,,,,,,,,,,,,,,,,,,,,,,,High,High,High,High,Medium,,,
17,6/11/2025,30:08.6,2,3,"McNaught, Ray",1000145668,Right,NSH_N,"Schaaf, Blake",821877,Left,SAN_MAI,Undefined,7,Top,1,1,1,Fastball,Four-Seam,StrikeCalled,Undefined,Undefined,Undefined,0,0,,92.86392,-1.502208,-0.007422,2413.542045,196.105627,12:30,6.06421,0.73043,6.37717,-17.62214,14.84395,3.92815,3.21336,1.05094,83.16165,-4.901679,0.70434,0.410097,,,,,,,,,,,,-2.02248,8.58075,-0.73144,50,5.94766,-0.15376,-134.66184,-4.01707,-3.63083,35.33144,-16.76967,NSH_N,SAN_MAI,FraserField,NECBL,NECL,20250611-FraserField-1,57b597f0-46e1-11f0-9fbc-bf0dcfcc4829,91.9111,,,9.70227,,,,,,,7f056924-895b-455a-a18f-cc0cc36b8e27,6/11/2025,30:08.6,2025-06-11T12:30:08.5720064-04:00,2025-06-11T16:30:08.5720064Z,,v3,,,,"Sengenberger, Aidan",10034113,Right,NSH_N,e9fb5cea-fc9b-42f7-be65-dfa9ec26e415,54.11483,-135.73716,17.66572,6.06215,-3.50668,-8.38483,-0.72844,-0.04325,-1.81541,,,,,,,,,,,,,,,,,,,,,,,,,,,,,,,,,,,,,,,,,,,,,,,,,,,High,High,High,,,,,
19,6/11/2025,31:00.6,2,5,"McNaught, Ray",1000145668,Right,NSH_N,"Schaaf, Blake",821877,Left,SAN_MAI,Undefined,7,Top,1,1,2,Fastball,Four-Seam,FoulBallNotFieldable,Undefined,Undefined,Undefined,0,0,,93.82218,-2.684528,-0.076913,2484.226911,188.203266,12:15,6.10508,0.47419,6.64221,-14.14662,17.08458,2.30272,2.46706,0.59568,84.8251,-5.438485,0.342424,0.402222,,,,,,,,,,,,-1.23362,10.16808,-0.46982,50,5.91783,0.08901,-136.17556,-6.72585,-2.28499,33.69437,-13.34033,NSH_N,SAN_MAI,FraserField,NECBL,NECL,20250611-FraserField-1,76de9550-46e1-11f0-9fbc-bf0dcfcc4829,93.71054,,,8.99708,,,,,,,7f056924-895b-455a-a18f-cc0cc36b8e27,6/11/2025,31:00.6,2025-06-11T12:31:00.6462976-04:00,2025-06-11T16:31:00.6462976Z,,v3,,,,"Sengenberger, Aidan",10034113,Right,NSH_N,da7e4eeb-20c1-45ae-88e9-3eca5be895b5,53.85331,-137.12568,16.84719,6.10218,-6.34968,-6.67017,-0.47324,0.15344,-1.14249,,,,,,,,,,,,,,,,,,,,,,,,,,,,,,,,,,,,,,,,,,,,,,,,,,,High,High,High,,,,,
21,6/11/2025,32:09.4,3,1,"McNaught, Ray",1000145668,Right,NSH_N,"Kolben, Ryan",832077,Right,SAN_MAI,Undefined,7,Top,1,0,0,Fastball,Four-Seam,StrikeCalled,Undefined,Undefined,Undefined,0,0,,90.7341,-3.043276,-1.566952,2450.829831,209.19444,1:00,6.04974,0.80592,6.53925,-19.57328,14.22143,7.23339,1.62377,-0.02881,81.6426,-6.792717,-0.25216,0.418404,,,,,,,,,,,,-4.34673,8.8704,-0.70034,50,5.83039,3.31388,-131.52431,-7.53044,-7.45321,33.38989,-16.96431,NSH_N,SAN_MAI,FraserField,NECBL,NECL,20250611-FraserField-1,9fd074b0-46e1-11f0-9fbc-bf0dcfcc4829,90.08626,,,9.09149,,,,,,,7f056924-895b-455a-a18f-cc0cc36b8e27,6/11/2025,32:09.4,2025-06-11T12:32:09.3814272-04:00,2025-06-11T16:32:09.3814272Z,,v3,,,,"Sengenberger, Aidan",10034113,Right,NSH_N,09cf0e9b-bef6-4b46-b195-89d9b7b21ec8,53.9569,-132.52503,16.69495,6.04846,-7.022,-8.48216,-0.80301,3.53726,-3.7266,,,,,,,,,,,,,,,,,,,,,,,,,,,,,,,,,,,,,,,,,,,,,,,,,,,High,High,High,,,,,
22,6/11/2025,32:28.7,3,2,"McNaught, Ray",1000145668,Right,NSH_N,"Kolben, Ryan",832077,Right,SAN_MAI,Undefined,7,Top,1,0,1,Fastball,Four-Seam,FoulBallNotFieldable,Undefined,Undefined,Undefined,0,0,,90.63931,-2.47927,-1.312936,2524.315973,189.714521,12:15,6.07659,0.86046,6.77806,-17.82135,16.11997,2.51866,2.3259,-0.12857,80.49531,-5.960732,-0.853178,0.41931,80.80198,38.244468,60.051092,6110.174168,40.22789,61.94675,102.3799,246.27136,122.93532,76.286141,3.986045,-1.81831,9.84166,-0.77578,50,5.90817,2.90931,-131.32054,-6.10984,-3.06867,36.49663,-15.56484,NSH_N,SAN_MAI,FraserField,NECBL,NECL,20250611-FraserField-1,ab53b0e0-46e1-11f0-9fbc-bf0dcfcc4829,89.89148,65.52421,,10.144,,,,0.36851,2.2374,0.27755,7f056924-895b-455a-a18f-cc0cc36b8e27,6/11/2025,32:28.7,2025-06-11T12:32:28.6967296-04:00,2025-06-11T16:32:28.6967296Z,FlyBall,v3,,,,"Sengenberger, Aidan",10034113,Right,NSH_N,846d066f-c0cd-4622-8833-b1b823722fc1,53.71391,-132.34869,18.24832,6.07411,-5.67137,-7.78242,-0.85896,2.99575,-1.53433,,0.36389,46.63313,-19.82772,8.59586,-4.99846,2.65353,-0.90884,0.16476,-0.01184,2.22611,73.66519,-26.87451,6.23016,-3.84236,1.90031,-0.54969,0.08167,-0.00481,0.26729,80.91665,-7.12644,2.5447,-2.39494,1.33148,-0.38866,0.05493,-0.00292,,,,,,,,,,,,,,,,,,,,,,,High,High,High,High,Medium,,,
25,6/11/2025,33:51.1,3,5,"McNaught, Ray",1000145668,Right,NSH_N,"Kolben, Ryan",832077,Right,SAN_MAI,Undefined,7,Top,1,0,2,Fastball,Four-Seam,BallCalled,Undefined,Undefined,Undefined,0,0,,91.56654,-3.965383,-1.738453,2450.271435,194.922251,12:30,6.15824,0.6048,6.68306,-15.3667,17.63233,4.36921,1.24325,-0.62167,82.52664,-6.948983,-0.94257,0.413449,,,,,,,,,,,,-2.88764,10.98741,-0.49034,50,5.88677,3.85508,-132.6376,-9.5637,-5.04768,33.33344,-12.96778,NSH_N,SAN_MAI,FraserField,NECBL,NECL,20250611-FraserField-1,dc6f6840-46e1-11f0-9fbc-bf0dcfcc4829,91.16586,,,9.03991,,,,,,,7f056924-895b-455a-a18f-cc0cc36b8e27,6/11/2025,33:51.1,2025-06-11T12:33:51.1335936-04:00,2025-06-11T16:33:51.1335936Z,,v3,,,,"Sengenberger, Aidan",10034113,Right,NSH_N,daa78950-57b6-43ae-a0d0-d125db0b6996,53.81276,-133.59235,16.66672,6.15538,-9.19227,-6.48389,-0.60283,3.99966,-2.52384,,,,,,,,,,,,,,,,,,,,,,,,,,,,,,,,,,,,,,,,,,,,,,,,,,,High,High,High,,,,,
28,6/11/2025,35:10.2,4,2,"McNaught, Ray",1000145668,Right,NSH_N,"Jenkins, Luke",1000090931,Left,SAN_MAI,Undefined,7,Top,2,0,1,Fastball,Four-Seam,StrikeCalled,Undefined,Undefined,Undefined,0,0,,91.04627,-2.094416,-0.291691,2452.415478,191.689155,12:30,6.02482,0.85887,6.59586,-17.50091,15.7569,3.0124,2.64668,0.84266,82.2047,-5.47115,0.256468,0.415067,,,,,,,,,,,,-1.65961,9.28186,-0.83999,50,5.87424,0.54952,-132.13867,-5.28063,-2.89097,32.03419,-16.00525,NSH_N,SAN_MAI,FraserField,NECBL,NECL,20250611-FraserField-1,0b84a140-46e2-11f0-9fbc-bf0dcfcc4829,90.81048,,,8.84157,,,,,,,7f056924-895b-455a-a18f-cc0cc36b8e27,6/11/2025,35:10.2,2025-06-11T12:35:10.2467584-04:00,2025-06-11T16:35:10.2467584Z,,v3,,,,"Sengenberger, Aidan",10034113,Right,NSH_N,07bc5b01-54dd-4a4c-ad9e-3da6ac55f6f5,53.8977,-133.08023,16.0171,6.02254,-4.8102,-8.00262,-0.85739,0.63449,-1.44548,,,,,,,,,,,,,,,,,,,,,,,,,,,,,,,,,,,,,,,,,,,,,,,,,,,High,High,High,,,,,
30,6/11/2025,36:31.1,4,4,"McNaught, Ray",1000145668,Right,NSH_N,"Jenkins, Luke",1000090931,Left,SAN_MAI,Undefined,7,Top,2,1,2,Fastball,Four-Seam,BallCalled,Undefined,Undefined,Undefined,0,0,,90.76188,-0.624907,1.151589,2514.686514,183.030628,12:00,5.92825,0.76292,6.59576,-19.34434,14.20946,0.68721,3.74356,1.87539,81.59035,-4.353948,1.27656,0.41691,,,,,,,,,,,,0.02488,8.01292,-0.84174,50,5.87736,-2.6763,-131.73141,-1.95181,0.04294,32.74223,-18.35057,NSH_N,SAN_MAI,FraserField,NECBL,NECL,20250611-FraserField-1,3bae7e90-46e2-11f0-9fbc-bf0dcfcc4829,90.40908,,,9.17153,,,,,,,7f056924-895b-455a-a18f-cc0cc36b8e27,6/11/2025,36:31.1,2025-06-11T12:36:31.0556672-04:00,2025-06-11T16:36:31.0556672Z,,v3,,,,"Sengenberger, Aidan",10034113,Right,NSH_N,cf320ef6-89dc-418d-afa3-9cc29da39f5f,53.89698,-132.69648,16.37111,5.92692,-1.41094,-9.17529,-0.76284,-2.67756,0.02147,,,,,,,,,,,,,,,,,,,,,,,,,,,,,,,,,,,,,,,,,,,,,,,,,,,High,High,High,,,,,
31,6/11/2025,36:52.8,4,5,"McNaught, Ray",1000145668,Right,NSH_N,"Jenkins, Luke",1000090931,Left,SAN_MAI,Undefined,7,Top,2,2,2,Fastball,Four-Seam,BallCalled,Undefined,Undefined,Undefined,0,0,,90.86757,-2.098977,-1.87303,2498.666609,185.710739,12:15,5.98118,0.62044,6.62324,-22.14017,11.0291,0.99091,2.21224,-1.01273,82.68627,-6.298209,-1.692717,0.414514,,,,,,,,,,,,-1.09276,6.78103,-0.49385,50,5.82967,4.27666,-131.94523,-5.47425,-1.90912,30.4259,-20.32704,NSH_N,SAN_MAI,FraserField,NECBL,NECL,20250611-FraserField-1,48c3a560-46e2-11f0-9fbc-bf0dcfcc4829,90.93161,,,8.1813,,,,,,,7f056924-895b-455a-a18f-cc0cc36b8e27,6/11/2025,36:52.8,2025-06-11T12:36:52.8280576-04:00,2025-06-11T16:36:52.8280576Z,,v3,,,,"Sengenberger, Aidan",10034113,Right,NSH_N,dc0e098f-45c5-4149-bcbb-81ee4a8b44a8,53.87387,-132.83552,15.21295,5.98115,-4.87947,-10.16352,-0.6198,4.33252,-0.95456,,,,,,,,,,,,,,,,,,,,,,,,,,,,,,,,,,,,,,,,,,,,,,,,,,,High,High,High,,,,,
32,6/11/2025,37:15.4,4,6,"McNaught, Ray",1000145668,Right,NSH_N,"Jenkins, Luke",1000090931,Left,SAN_MAI,Undefined,7,Top,2,3,2,Fastball,Four-Seam,InPlay,Undefined,GroundBall,Single,0,1,,90.33016,-1.948976,-1.027777,2495.68826,200.449395,12:45,6.03729,0.74018,6.21224,-22.95379,11.21827,3.73996,2.32484,0.10323,81.93502,-6.276761,-0.351975,0.420733,96.01038,-12.499168,3.113776,,,,,9.99736,9.68973,2.386434,0.070294,-2.25366,6.77166,-0.66494,50,5.87976,2.19658,-131.08215,-5.17453,-3.87704,30.61807,-20.52453,NSH_N,SAN_MAI,FraserField,NECBL,NECL,20250611-FraserField-1,563f5630-46e2-11f0-9fbc-bf0dcfcc4829,89.58749,2.14545,,8.39514,,,,0.32483,2.14545,-0.10943,7f056924-895b-455a-a18f-cc0cc36b8e27,6/11/2025,37:15.4,2025-06-11T12:37:15.4277888-04:00,2025-06-11T16:37:15.4277888Z,GroundBall,v3,,,,"Sengenberger, Aidan",10034113,Right,NSH_N,5e7f8009-53e0-4d04-8740-ba91e8d41c7c,54.28349,-132.07889,15.30904,6.03734,-4.50637,-10.26226,-0.7385,2.32279,-1.93852,180,0.32252,137.47837,,,,,,,,2.14596,-30.52119,,,,,,,,-0.10955,7.47871,,,,,,,,,,,,,,,,,,,,,,,,,,,,,,High,High,High,Medium,High,,,
37,6/11/2025,39:15.5,5,5,"McNaught, Ray",1000145668,Right,NSH_N,"Kirtley, Ryder",827333,Right,SAN_MAI,Undefined,7,Top,2,2,2,Fastball,Four-Seam,InPlay,Undefined,GroundBall,Out,1,0,,91.07945,-2.128619,-1.41993,2334.039396,206.025123,12:45,5.96666,0.84049,6.39531,-24.10678,10.15229,4.24414,1.99862,-0.11198,80.62385,-6.727363,-0.650376,0.421269,50.03569,-72.360537,177.335724,,,,,0.80896,1.34465,10.254708,0.029303,-2.75197,6.53532,-0.74034,50,5.80312,3.08808,-131.82987,-5.62828,-4.65986,37.88407,-21.10796,NSH_N,SAN_MAI,FraserField,NECBL,NECL,20250611-FraserField-1,9dd26550-46e2-11f0-9fbc-bf0dcfcc4829,89.47362,2.06164,,10.45561,,,,1.45089,2.06164,0.11354,7f056924-895b-455a-a18f-cc0cc36b8e27,6/11/2025,39:15.5,2025-06-11T12:39:15.5353600-04:00,2025-06-11T16:39:15.5353600Z,GroundBall,v3,,,,"Sengenberger, Aidan",10034113,Right,NSH_N,a3ccafe6-0041-4a3a-8c63-5a9e21234b74,54.09608,-133.00175,18.94203,5.96713,-4.97534,-10.55398,-0.8381,3.23223,-2.32993,,1.45152,-22.34735,,,,,,,,2.06363,-70.35583,,,,,,,,0.11351,1.03991,,,,,,,,,,,,,,,,,,,,,,,,,,,,,,High,High,High,Low,Low,,,
2,6/20/2025,11:57.9,1,2,"McNaught, Ray",1000145668,Right,NSH_N,"Hernandez, Jaylen",1000193856,Left,VER_MOU,Undefined,6,Bottom,0,1,0,Fastball,Four-Seam,StrikeCalled,Undefined,Undefined,Undefined,0,0,,90.91012,-3.447357,-2.85582,2484.436842,212.886943,1:00,6.30219,1.02703,5.92258,-17.71863,16.53265,9.90221,1.61882,-0.80004,82.40633,-6.808462,-1.079559,0.421221,,,,,,,,,,,,-5.99292,9.91426,-0.80413,50,6.01582,6.14483,-131.59044,-8.47156,-10.39331,30.77227,-14.9801,VER_MOU,NSH_N,MontpelierRecreation,NECBL,NECL,20250620-MontpelierRecreation-1,58f73fb0-4e34-11f0-b4cb-b5ae01d68125,89.48377,,,8.50379,,,,,,,02b34a53-8396-4766-a8a0-96dc6040d1de,6/21/2025,11:57.9,2025-06-20T20:11:57.9461120-04:00,2025-06-21T00:11:57.9461120Z,,v3,,,,"Sengenberger, Aidan",10034113,Right,NSH_N,db6819a4-4d0e-482f-a418-d20088597631,54.57589,-132.65619,15.38614,6.30023,-7.95275,-7.49005,-1.02318,6.50479,-5.19666,,,,,,,,,,,,,,,,,,,,,,,,,,,,,,,,,,,,,,,,,,,,,,,,,,,High,High,High,,,,,
3,6/20/2025,12:16.3,1,3,"McNaught, Ray",1000145668,Right,NSH_N,"Hernandez, Jaylen",1000193856,Left,VER_MOU,Undefined,6,Bottom,0,1,1,Fastball,Four-Seam,InPlay,Undefined,GroundBall,Out,1,0,,91.09887,-1.743752,-2.284856,2504.235561,216.147054,1:15,6.29642,0.91359,5.93438,-17.91914,15.96379,10.81457,3.18362,-0.30608,82.67438,-5.149517,-0.343605,0.41895,,,,,,,,,,,,-6.24922,9.05796,-0.73734,50,6.1471,4.80936,-132.13099,-4.57039,-10.96019,30.23759,-16.28775,VER_MOU,NSH_N,MontpelierRecreation,NECBL,NECL,20250620-MontpelierRecreation-1,63f1c3e0-4e34-11f0-b4cb-b5ae01d68125,89.96887,,,8.42449,,,,,,,02b34a53-8396-4766-a8a0-96dc6040d1de,6/21/2025,12:16.3,2025-06-20T20:12:16.3056640-04:00,2025-06-21T00:12:16.3056640Z,,v3,,,,"Sengenberger, Aidan",10034113,Right,NSH_N,de3ed60a-d6f7-4141-a309-ea039cda89ad,54.56391,-133.17132,15.1188,6.29471,-4.01,-8.14387,-0.9093,5.18645,-5.4801,,,,,,,,,,,,,,,,,,,,,,,,,,,,,,,,,,,,,,,,,,,,,,,,,,,High,High,High,,,,,
5,6/20/2025,13:08.8,2,2,"McNaught, Ray",1000145668,Right,NSH_N,"Daniel, Conlan",1000327341,Right,VER_MOU,Undefined,6,Bottom,1,1,0,Fastball,Four-Seam,StrikeSwinging,Undefined,Undefined,Undefined,0,0,,91.32889,-1.729707,-1.291602,2569.208568,206.380632,1:00,6.28429,0.81171,6.21039,-14.72646,18.51281,8.63382,3.4598,0.33894,83.07685,-4.571023,0.267119,0.414951,,,,,,,,,,,,-4.83717,10.41741,-0.71894,50,6.14695,2.62762,-132.60928,-4.39134,-8.56934,29.71396,-13.71893,VER_MOU,NSH_N,MontpelierRecreation,NECBL,NECL,20250620-MontpelierRecreation-1,833267f0-4e34-11f0-b4cb-b5ae01d68125,90.83582,,,8.25204,,,,,,,02b34a53-8396-4766-a8a0-96dc6040d1de,6/21/2025,13:08.8,2025-06-20T20:13:08.7607808-04:00,2025-06-21T00:13:08.7607808Z,,v3,,,,"Sengenberger, Aidan",10034113,Right,NSH_N,51d0186e-8e0f-4b68-b7e5-817166ae2477,54.28711,-133.56644,14.85698,6.28129,-3.94942,-6.85946,-0.80803,2.90366,-4.28467,,,,,,,,,,,,,,,,,,,,,,,,,,,,,,,,,,,,,,,,,,,,,,,,,,,High,High,High,,,,,
9,6/20/2025,14:28.2,3,2,"McNaught, Ray",1000145668,Right,NSH_N,"Smith, Braeden",10002465,Left,VER_MOU,Undefined,6,Bottom,2,1,0,Fastball,Sinker,BallCalled,Undefined,Undefined,Undefined,0,0,,90.82022,-1.019881,-2.287303,2502.880111,228.974079,1:45,6.29434,0.82847,5.87693,-21.16548,12.93091,13.54698,3.58248,-0.16806,82.52904,-5.00443,0.142317,0.420267,,,,,,,,,,,,-7.5791,7.25296,-0.65129,50,6.19969,4.67053,-131.76449,-3.03448,-13.24482,29.56348,-19.49919,VER_MOU,NSH_N,MontpelierRecreation,NECBL,NECL,20250620-MontpelierRecreation-1,b26d5160-4e34-11f0-b4cb-b5ae01d68125,89.68683,,,8.29118,,,,,,,02b34a53-8396-4766-a8a0-96dc6040d1de,6/21/2025,14:28.2,2025-06-20T20:14:28.1766400-04:00,2025-06-21T00:14:28.1766400Z,,v3,,,,"Sengenberger, Aidan",10034113,Right,NSH_N,a05607fb-80a6-4244-b1e9-ccad3afe07b6,54.62071,-132.79718,14.78174,6.29379,-2.35335,-9.7496,-0.82252,5.13319,-6.62241,,,,,,,,,,,,,,,,,,,,,,,,,,,,,,,,,,,,,,,,,,,,,,,,,,,High,High,High,,,,,
10,6/20/2025,14:45.9,3,3,"McNaught, Ray",1000145668,Right,NSH_N,"Smith, Braeden",10002465,Left,VER_MOU,Undefined,6,Bottom,2,2,0,Fastball,Four-Seam,StrikeSwinging,Undefined,Undefined,Undefined,0,0,,90.79218,-2.762351,-2.387888,2534.793364,205.64276,12:45,6.39409,0.72338,5.92706,-13.43599,20.81981,9.41205,2.70711,-0.70922,82.17832,-5.369008,-0.69935,0.421249,,,,,,,,,,,,-5.55508,11.87131,-0.53773,50,6.16544,5.07905,-131.53803,-6.69688,-9.63415,30.53793,-11.58569,VER_MOU,NSH_N,MontpelierRecreation,NECBL,NECL,20250620-MontpelierRecreation-1,bd1bd870-4e34-11f0-b4cb-b5ae01d68125,89.47791,,,8.61386,,,,,,,02b34a53-8396-4766-a8a0-96dc6040d1de,6/21/2025,14:45.9,2025-06-20T20:14:45.9394048-04:00,2025-06-21T00:14:45.9394048Z,,v3,,,,"Sengenberger, Aidan",10034113,Right,NSH_N,538e0d65-e978-4931-baf0-9da949da5934,54.57023,-132.59481,15.26896,6.39025,-6.29595,-5.79284,-0.71927,5.41245,-4.81708,,,,,,,,,,,,,,,,,,,,,,,,,,,,,,,,,,,,,,,,,,,,,,,,,,,High,High,High,,,,,
11,6/20/2025,15:03.4,3,4,"McNaught, Ray",1000145668,Right,NSH_N,"Smith, Braeden",10002465,Left,VER_MOU,Undefined,6,Bottom,2,2,1,Fastball,Four-Seam,BallCalled,Undefined,Undefined,Undefined,0,0,,90.6756,-1.191108,-1.255979,2534.040649,204.903518,12:45,6.42912,0.69249,5.90507,-13.64516,20.59352,9.013,4.18595,0.27752,82.08359,-3.840529,0.361629,0.421143,,,,,,,,,,,,-4.96929,11.22619,-0.59662,50,6.32561,2.48907,-131.56415,-3.08528,-8.63283,30.21654,-12.67157,VER_MOU,NSH_N,MontpelierRecreation,NECBL,NECL,20250620-MontpelierRecreation-1,c769a1e0-4e34-11f0-b4cb-b5ae01d68125,89.5003,,,8.59201,,,,,,,02b34a53-8396-4766-a8a0-96dc6040d1de,6/21/2025,15:03.4,2025-06-20T20:15:03.3867776-04:00,2025-06-21T00:15:03.3867776Z,,v3,,,,"Sengenberger, Aidan",10034113,Right,NSH_N,29fc270f-ba03-4f27-bf91-7304392b4f55,54.59126,-132.61444,15.10827,6.4252,-2.64483,-6.33578,-0.68836,2.78913,-4.31642,,,,,,,,,,,,,,,,,,,,,,,,,,,,,,,,,,,,,,,,,,,,,,,,,,,High,High,High,,,,,
12,6/20/2025,15:26.8,3,5,"McNaught, Ray",1000145668,Right,NSH_N,"Smith, Braeden",10002465,Left,VER_MOU,Undefined,6,Bottom,2,3,1,Fastball,Four-Seam,InPlay,Undefined,FlyBall,Out,1,0,,90.66587,-3.006084,-2.483625,2444.797251,208.082159,1:00,6.32002,0.90805,6.00622,-17.85048,16.43784,8.12185,2.0422,-0.71762,82.15471,-6.400119,-1.023947,0.421449,80.44467,20.280675,-1.660009,2787.786547,109.68804,31.61033,-8.27784,263.95917,256.49079,-8.408091,3.294663,-4.97225,9.75619,-0.71738,50,6.07381,5.35665,-131.342,-7.43274,-8.58726,30.75738,-15.32472,VER_MOU,NSH_N,MontpelierRecreation,NECBL,NECL,20250620-MontpelierRecreation-1,d5702d90-4e34-11f0-b4cb-b5ae01d68125,89.43545,34.08077,,8.51116,,,,1.18229,2.01852,0.70929,02b34a53-8396-4766-a8a0-96dc6040d1de,6/21/2025,15:26.8,2025-06-20T20:15:26.7621888-04:00,2025-06-21T00:15:26.7621888Z,LineDrive,v3,,,,"Sengenberger, Aidan",10034113,Right,NSH_N,06ac0ce9-3c07-403b-a57f-474c35bd0c3f,54.492,-132.38975,15.37869,6.31812,-6.91071,-7.66236,-0.90483,5.64918,-4.29363,146.717856,1.18205,110.63273,-17.04217,3.77774,-0.76769,0.15346,-0.02912,0.0039,-0.00022,2.01887,40.88328,-13.08008,-0.16542,0.17519,-0.03871,0.00225,0.00164,-0.00031,0.70915,-3.20055,-5.58956,1.66233,-0.38448,0.0663,-0.00821,0.00068,-2.00E-05,,,,,,,,,,,,,,,,,,,,,,,High,High,High,High,High,,,
13,6/20/2025,34:09.7,1,1,"McNaught, Ray",1000145668,Right,NSH_N,"Ainsworth, Addison",1000235153,Left,VER_MOU,Undefined,7,Bottom,0,0,0,Fastball,Four-Seam,InPlay,Undefined,GroundBall,Out,1,0,,90.37234,-3.550777,-0.98201,2441.884484,203.621531,12:45,6.30876,0.75091,5.93488,-14.56517,19.75718,8.1426,1.79612,0.51832,82.51038,-6.335179,0.480872,0.421657,95.6098,3.381302,-10.628691,2323.516926,,,,83.99002,82.86126,-13.158888,0.628077,-4.48945,11.52575,-0.67728,50,6.01695,1.90691,-131.0412,-8.53857,-7.78188,28.50197,-12.19571,VER_MOU,NSH_N,MontpelierRecreation,NECBL,NECL,20250620-MontpelierRecreation-1,72bea570-4e37-11f0-b4cb-b5ae01d68125,89.39114,2.88804,,7.86196,,,,2.74619,1.98367,-0.50932,02b34a53-8396-4766-a8a0-96dc6040d1de,6/21/2025,34:09.7,2025-06-20T20:34:09.6977408-04:00,2025-06-21T00:34:09.6977408Z,GroundBall,v3,,,,"Sengenberger, Aidan",10034113,Right,NSH_N,93e03415-af44-4a74-80a7-82272ccc082b,54.56446,-132.03025,14.25098,6.30591,-8.11536,-6.09785,-0.74814,2.17695,-3.89094,79.733437,2.74619,137.58167,-20.51894,3.29089,-0.67881,0.12938,-0.02596,0.00416,-0.00017,1.98367,8.2707,-19.32993,2.03777,-0.42773,0.10029,-0.02156,0.00469,-0.00072,-0.50932,-25.81903,-7.23281,2.15223,-0.55521,0.13513,-0.03223,0.0076,-0.00126,,,,,,,,,,,,,,,,,,,,,,,High,High,High,High,High,,,
15,6/20/2025,35:03.9,2,2,"McNaught, Ray",1000145668,Right,NSH_N,"Alvarez, David",1000301572,Left,VER_MOU,Undefined,7,Bottom,1,0,1,Fastball,Four-Seam,StrikeCalled,Undefined,Undefined,Undefined,0,0,,89.25374,-4.037824,-2.083527,2459.670582,208.069864,1:00,6.25499,0.85254,5.9765,-13.83737,21.46604,10.79776,1.3501,-0.17994,81.23912,-6.704339,-0.143619,0.427641,,,,,,,,,,,,-6.21611,12.62839,-0.69394,50,5.92753,4.26193,-129.26238,-9.49141,-10.4509,28.53219,-10.94247,VER_MOU,NSH_N,MontpelierRecreation,NECBL,NECL,20250620-MontpelierRecreation-1,9310e090-4e37-11f0-b4cb-b5ae01d68125,88.14033,,,8.01462,,,,,,,02b34a53-8396-4766-a8a0-96dc6040d1de,6/21/2025,35:03.9,2025-06-20T20:35:03.9015936-04:00,2025-06-21T00:35:03.9015936Z,,v3,,,,"Sengenberger, Aidan",10034113,Right,NSH_N,ba6c7ccc-2afb-49c4-abf2-5c31912bce4b,54.52303,-130.25693,14.2661,6.25173,-9.10999,-5.47124,-0.84885,4.62621,-5.22545,,,,,,,,,,,,,,,,,,,,,,,,,,,,,,,,,,,,,,,,,,,,,,,,,,,High,High,High,,,,,
17,6/20/2025,35:49.4,2,4,"McNaught, Ray",1000145668,Right,NSH_N,"Alvarez, David",1000301572,Left,VER_MOU,Undefined,7,Bottom,1,1,2,Fastball,Four-Seam,InPlay,Undefined,GroundBall,Out,1,0,,90.13864,-3.072949,-1.902563,2532.113385,204.769413,12:45,6.47303,0.83075,5.81962,-16.08084,18.41828,7.99268,2.27158,-0.27275,82.61318,-6.118139,-0.470489,0.422742,88.91416,-9.947872,-29.408063,,,,,13.63722,13.63722,-25.431396,0.097395,-4.63922,10.61174,-0.67999,50,6.21189,4.00834,-130.74854,-7.50551,-8.04284,27.17941,-13.77689,VER_MOU,NSH_N,MontpelierRecreation,NECBL,NECL,20250620-MontpelierRecreation-1,ae278a00-4e37-11f0-b4cb-b5ae01d68125,89.16181,2.14127,,7.52546,,,,1.45749,2.14127,0.21049,02b34a53-8396-4766-a8a0-96dc6040d1de,6/21/2025,35:49.4,2025-06-20T20:35:49.3998080-04:00,2025-06-21T00:35:49.3998080Z,GroundBall,v3,,,,"Sengenberger, Aidan",10034113,Right,NSH_N,fa99f0f8-7b4d-46bf-8a5e-6045296e9828,54.68033,-131.71787,13.58971,6.47081,-7.01416,-6.88845,-0.82806,4.29518,-4.02142,195.263052,1.45748,111.89718,-4.20687,,,,,,,2.14118,-22.51688,5.47719,,,,,,,0.21046,-63.06701,7.9847,,,,,,,,,,,,,,,,,,,,,,,,,,,,,High,High,High,Low,High,,,
18,6/20/2025,36:23.0,3,1,"McNaught, Ray",1000145668,Right,NSH_N,"Acker, Ty",801904,Left,VER_MOU,Undefined,7,Bottom,2,0,0,Fastball,Four-Seam,BallCalled,Undefined,Undefined,Undefined,0,0,,91.83974,-4.817379,-2.792578,2521.757113,203.037039,12:45,6.26903,0.46447,5.96094,-14.77072,18.48092,7.39922,0.5552,-1.51048,84.19561,-7.616129,-1.464573,0.415029,,,,,,,,,,,,-4.5952,11.17308,-0.24698,50,5.87728,6.17053,-132.87175,-11.64033,-8.22259,28.22469,-12.18114,VER_MOU,NSH_N,MontpelierRecreation,NECBL,NECL,20250620-MontpelierRecreation-1,c22f4150-4e37-11f0-b4cb-b5ae01d68125,90.81892,,,7.64413,,,,,,,02b34a53-8396-4766-a8a0-96dc6040d1de,6/21/2025,36:22.9,2025-06-20T20:36:22.9583360-04:00,2025-06-21T00:36:22.9583360Z,,v3,,,,"Sengenberger, Aidan",10034113,Right,NSH_N,25b3e140-556b-4423-8192-7f6f45bff62a,54.53881,-133.83242,14.11234,6.26642,-11.22573,-6.09057,-0.46176,6.45039,-4.11129,,,,,,,,,,,,,,,,,,,,,,,,,,,,,,,,,,,,,,,,,,,,,,,,,,,High,High,High,,,,,
19,6/20/2025,36:47.6,3,2,"McNaught, Ray",1000145668,Right,NSH_N,"Acker, Ty",801904,Left,VER_MOU,Undefined,7,Bottom,2,1,0,Fastball,Four-Seam,BallCalled,Undefined,Undefined,Undefined,0,0,,89.94448,-2.029282,0.277102,2390.439955,208.279683,1:00,6.34498,0.80584,5.71893,-16.85958,17.82434,9.00867,3.04893,1.81469,82.46074,-5.212442,1.888938,0.423873,,,,,,,,,,,,-4.4965,9.94225,-0.83458,50,6.16498,-1.02522,-130.59586,-5.14301,-7.78533,26.84703,-14.95984,VER_MOU,NSH_N,MontpelierRecreation,NECBL,NECL,20250620-MontpelierRecreation-1,d0c3dc30-4e37-11f0-b4cb-b5ae01d68125,88.92396,,,7.48373,,,,,,,02b34a53-8396-4766-a8a0-96dc6040d1de,6/21/2025,36:47.6,2025-06-20T20:36:47.5618304-04:00,2025-06-21T00:36:47.5618304Z,,v3,,,,"Sengenberger, Aidan",10034113,Right,NSH_N,bd8ff6e6-6d74-4b04-883f-adc830d8524e,54.77914,-131.57466,13.42352,6.34254,-4.5976,-7.47992,-0.80238,-0.74138,-3.89267,,,,,,,,,,,,,,,,,,,,,,,,,,,,,,,,,,,,,,,,,,,,,,,,,,,High,High,High,,,,,
20,6/20/2025,37:07.0,3,3,"McNaught, Ray",1000145668,Right,NSH_N,"Acker, Ty",801904,Left,VER_MOU,Undefined,7,Bottom,2,2,0,Fastball,Four-Seam,InPlay,Undefined,GroundBall,Single,0,0,,89.89444,-3.281376,-1.292847,2528.574889,205.279283,12:45,6.2285,0.83234,5.89025,-18.5843,15.96938,7.03071,1.6289,0.2176,82.58151,-6.769151,-0.030492,0.423076,75.83006,-15.167813,34.431792,,,,,9.70443,7.11064,22.756317,0.072996,-3.9952,9.42796,-0.7324,50,5.95313,2.65573,-130.44009,-8.06087,-6.89889,26.85703,-15.8939,VER_MOU,NSH_N,MontpelierRecreation,NECBL,NECL,20250620-MontpelierRecreation-1,dc73cdb0-4e37-11f0-b4cb-b5ae01d68125,89.09137,2.12946,,7.31293,,,,2.47011,2.12946,-0.68769,02b34a53-8396-4766-a8a0-96dc6040d1de,6/21/2025,37:07.0,2025-06-20T20:37:07.0047232-04:00,2025-06-21T00:37:07.0047232Z,GroundBall,v3,,,,"Sengenberger, Aidan",10034113,Right,NSH_N,0f80f836-3083-46ea-9f58-7c0e56e47389,54.61022,-131.38588,13.42851,6.22715,-7.50116,-7.94695,-0.8302,2.89868,-3.44945,,2.46751,88.75762,,,,,,,,2.13031,-29.17238,,,,,,,,-0.68948,60.84598,,,,,,,,,,,,,,,,,,,,,,,,,,,,,,High,High,High,Low,Low,,,
21,6/20/2025,37:57.8,4,1,"McNaught, Ray",1000145668,Right,NSH_N,"Schreck, Thomas",,Right,VER_MOU,Undefined,7,Bottom,2,0,0,Fastball,Four-Seam,BallCalled,Undefined,Undefined,StolenBase,0,0,,89.16292,-3.52334,-0.331541,2479.777553,202.456301,12:45,6.29573,0.90534,6.06631,-16.16902,18.87505,7.32634,1.6835,1.20905,81.54327,-6.600333,0.988269,0.426068,,,,,,,,,,,,-3.90166,11.11115,-0.88364,50,6.01375,0.45352,-129.34435,-8.41535,-6.59355,27.5942,-13.39684,VER_MOU,NSH_N,MontpelierRecreation,NECBL,NECL,20250620-MontpelierRecreation-1,faba5a50-4e37-11f0-b4cb-b5ae01d68125,88.4658,,,7.61965,,,,,,,02b34a53-8396-4766-a8a0-96dc6040d1de,6/21/2025,37:57.8,2025-06-20T20:37:57.8350000-04:00,2025-06-21T00:37:57.8350000Z,,v3,,,,"Sengenberger, Aidan",10034113,Right,NSH_N,7a642e92-86fb-4cae-b761-ac75cec4d228,54.43315,-130.28669,13.7971,6.29332,-7.95785,-6.69842,-0.90298,0.67869,-3.29678,,,,,,,,,,,,,,,,,,,,,,,,,,,,,77.08814,2.127479,0.819251,1.308228,4.23124,2.00445,-1.16221,-2.39526,6.35504,0.88033,127.27562,-1.36512,-0.54454,-2.26401,111.11156,-9.35738,6.37098,9.00567,-11.42242,0.82626,-4.85527,2.95636,High,High,High,,,High,High,High
23,6/20/2025,39:05.8,4,3,"McNaught, Ray",1000145668,Right,NSH_N,"Schreck, Thomas",,Right,VER_MOU,Undefined,7,Bottom,2,2,0,Fastball,Four-Seam,StrikeCalled,Undefined,Undefined,Undefined,0,0,,89.7904,-3.553147,-1.774353,2542.70962,189.484809,12:15,6.14905,0.85148,6.2913,-17.76934,16.578,2.57914,1.38822,-0.56921,82.0277,-6.928022,-1.308022,0.421811,,,,,,,,,,,,-1.86276,10.0089,-0.72212,50,5.87852,3.93148,-130.20654,-8.58537,-3.18459,28.40233,-15.06289,VER_MOU,NSH_N,MontpelierRecreation,NECBL,NECL,20250620-MontpelierRecreation-1,234142e0-4e38-11f0-b4cb-b5ae01d68125,89.35858,,,7.76269,,,,,,,02b34a53-8396-4766-a8a0-96dc6040d1de,6/21/2025,39:05.8,2025-06-20T20:39:05.8266624-04:00,2025-06-21T00:39:05.8266624Z,,v3,,,,"Sengenberger, Aidan",10034113,Right,NSH_N,7b50765a-c848-4da1-b3be-9094092b42fa,54.20754,-131.12113,14.20117,6.14717,-8.10032,-7.53144,-0.85037,4.03403,-1.59229,,,,,,,,,,,,,,,,,,,,,,,,,,,,,,,,,,,,,,,,,,,,,,,,,,,High,High,High,,,,,
24,6/20/2025,39:25.4,4,4,"McNaught, Ray",1000145668,Right,NSH_N,"Schreck, Thomas",,Right,VER_MOU,Undefined,7,Bottom,2,2,1,Fastball,Four-Seam,FoulBallNotFieldable,Undefined,Undefined,Undefined,0,0,,90.10929,-2.854264,-0.702015,2544.178406,198.152955,12:30,6.21277,1.1261,6.01594,-15.29084,19.16702,5.90307,2.29219,0.9677,82.03627,-5.784048,0.360154,0.422489,,,,,,,,,,,,-3.25441,11.06154,-1.07432,50,5.98057,1.35591,-130.72503,-6.93878,-5.59903,29.04374,-13.14323,VER_MOU,NSH_N,MontpelierRecreation,NECBL,NECL,20250620-MontpelierRecreation-1,2eec7970-4e38-11f0-b4cb-b5ae01d68125,89.21519,,,8.07302,,,,,,,02b34a53-8396-4766-a8a0-96dc6040d1de,6/21/2025,39:25.3,2025-06-20T20:39:25.3548032-04:00,2025-06-21T00:39:25.3548032Z,,v3,,,,"Sengenberger, Aidan",10034113,Right,NSH_N,e8fb81b7-efa6-4872-8612-07fb06d46718,54.48236,-131.71713,14.52187,6.20993,-6.48982,-6.57161,-1.1239,1.54716,-2.79951,,,,,,,,,,,,,,,,,,,,,,,,,,,,,,,,,,,,,,,,,,,,,,,,,,,High,High,High,,,,,
27,6/20/2025,52:53.3,1,3,"McNaught, Ray",1000145668,Right,NSH_N,"Shealor, Bennett",1000092111,Right,VER_MOU,Undefined,8,Bottom,0,1,1,Fastball,Four-Seam,FoulBallNotFieldable,Undefined,Undefined,Undefined,0,0,,91.25243,-1.921161,-2.442293,2513.413149,207.961353,1:00,6.24493,0.81259,5.62885,-18.9341,15.29434,7.48894,2.8722,-0.84356,82.72979,-5.489817,-1.106017,0.421081,,,,,,,,,,,,-4.53992,8.68434,-0.60947,50,6.06931,5.30404,-132.22507,-5.0587,-7.96683,30.50865,-16.93443,VER_MOU,NSH_N,MontpelierRecreation,NECBL,NECL,20250620-MontpelierRecreation-1,10783b30-4e3a-11f0-b4cb-b5ae01d68125,89.51361,,,8.52264,,,,,,,02b34a53-8396-4766-a8a0-96dc6040d1de,6/21/2025,52:53.3,2025-06-20T20:52:53.2894720-04:00,2025-06-21T00:52:53.2894720Z,,v3,,,,"Sengenberger, Aidan",10034113,Right,NSH_N,447568d5-a10e-49a9-b0d5-24e122b0cbc7,54.8685,-133.34366,15.25432,6.2434,-4.4378,-8.46721,-0.80929,5.59614,-3.98341,,,,,,,,,,,,,,,,,,,,,,,,,,,,,,,,,,,,,,,,,,,,,,,,,,,High,High,High,,,,,
29,6/20/2025,53:43.1,1,5,"McNaught, Ray",1000145668,Right,NSH_N,"Shealor, Bennett",1000092111,Right,VER_MOU,Undefined,8,Bottom,0,2,2,Fastball,Four-Seam,StrikeSwinging,Strikeout,Undefined,Undefined,0,0,,90.36135,-2.73393,-2.563616,2491.749226,196.448371,12:30,6.22105,0.82018,6.19601,-17.06678,16.7021,4.62425,2.27047,-1.16272,83.0321,-5.969311,-1.729895,0.418244,,,,,,,,,,,,-3.07516,9.70107,-0.62942,50,6.00621,5.68225,-131.1295,-6.75504,-5.3777,26.59508,-15.20913,VER_MOU,NSH_N,MontpelierRecreation,NECBL,NECL,20250620-MontpelierRecreation-1,2e2cc100-4e3a-11f0-b4cb-b5ae01d68125,90.12072,,,7.32925,,,,,,,02b34a53-8396-4766-a8a0-96dc6040d1de,6/21/2025,53:43.1,2025-06-20T20:53:43.0750000-04:00,2025-06-21T00:53:43.0750000Z,,v3,,,,"Sengenberger, Aidan",10034113,Right,NSH_N,0820fad8-9422-4f96-bb21-244506925533,54.30271,-131.99927,13.29754,6.21899,-6.25764,-7.60456,-0.81813,5.85813,-2.68885,,,,,,,,,,,,,,,,,,,,,,,,,,,,,55.67921,2.61756,1.361408,1.256152,-0.10115,2.11025,1.20824,-4.54213,6.12237,3.45417,74.63514,3.93122,50.1455,-4.4809,68.51106,-4.41992,6.17453,16.24556,-14.37222,3.48119,39.75746,-2.08525,High,High,High,,,High,High,High
30,6/20/2025,54:12.0,2,1,"McNaught, Ray",1000145668,Right,NSH_N,"Gates, Sam",811781,Left,VER_MOU,Undefined,8,Bottom,1,0,0,Fastball,Four-Seam,BallCalled,Undefined,Undefined,Undefined,0,0,,90.62015,-4.075566,-1.990881,2408.61628,202.220523,12:45,6.29094,0.76493,5.68518,-17.16383,17.17375,6.573,1.05309,-0.54375,83.27741,-7.289396,-0.815962,0.421751,,,,,,,,,,,,-3.92689,10.2004,-0.60172,50,5.93666,4.28724,-131.30179,-9.91147,-6.8747,27.06525,-14.31639,VER_MOU,NSH_N,MontpelierRecreation,NECBL,NECL,20250620-MontpelierRecreation-1,3f5e26d0-4e3a-11f0-b4cb-b5ae01d68125,89.37131,,,7.34274,,,,,,,02b34a53-8396-4766-a8a0-96dc6040d1de,6/21/2025,54:12.0,2025-06-20T20:54:11.9896576-04:00,2025-06-21T00:54:11.9896576Z,,v3,,,,"Sengenberger, Aidan",10034113,Right,NSH_N,4c78620f-b919-45ea-835d-87a4084d3444,54.81563,-132.29071,13.53263,6.28925,-9.38838,-7.1582,-0.76295,4.53843,-3.43735,,,,,,,,,,,,,,,,,,,,,,,,,,,,,,,,,,,,,,,,,,,,,,,,,,,High,High,High,,,,,
31,6/20/2025,54:28.6,2,2,"McNaught, Ray",1000145668,Right,NSH_N,"Gates, Sam",811781,Left,VER_MOU,Undefined,8,Bottom,1,1,0,Fastball,Four-Seam,BallCalled,Undefined,Undefined,Undefined,0,0,,88.99161,-3.941376,-2.743189,2448.387345,195.039862,12:30,6.30523,0.68463,5.93622,-17.72615,17.58666,4.42484,1.16162,-1.49346,81.75917,-7.275174,-1.949365,0.427698,,,,,,,,,,,,-3.02106,10.44552,-0.46818,50,5.97997,5.99465,-128.90625,-9.41883,-5.09738,26.103,-14.54958,VER_MOU,NSH_N,MontpelierRecreation,NECBL,NECL,20250620-MontpelierRecreation-1,492f4630-4e3a-11f0-b4cb-b5ae01d68125,88.12856,,,7.23245,,,,,,,02b34a53-8396-4766-a8a0-96dc6040d1de,6/21/2025,54:28.6,2025-06-20T20:54:28.5892608-04:00,2025-06-21T00:54:28.5892608Z,,v3,,,,"Sengenberger, Aidan",10034113,Right,NSH_N,a1fb5a61-1caa-40ae-bb6f-3cb935c5c685,54.56296,-129.82694,13.0515,6.30314,-8.90564,-7.27479,-0.68279,6.17445,-2.54869,,,,,,,,,,,,,,,,,,,,,,,,,,,,,,,,,,,,,,,,,,,,,,,,,,,High,Medium,Medium,,,,,
32,6/20/2025,54:56.9,2,3,"McNaught, Ray",1000145668,Right,NSH_N,"Gates, Sam",811781,Left,VER_MOU,Undefined,8,Bottom,1,2,0,Fastball,Four-Seam,BallCalled,Undefined,Undefined,Undefined,0,0,,89.38444,-3.915438,-3.007472,2473.957762,196.751705,12:30,6.35037,0.70803,6.22487,-14.95292,19.60903,5.5776,1.481,-1.60463,82.19313,-6.767705,-2.00209,0.423127,,,,,,,,,,,,-3.77008,11.64985,-0.48604,50,6.04958,6.5982,-129.57822,-9.28944,-6.43051,26.26182,-12.30321,VER_MOU,NSH_N,MontpelierRecreation,NECBL,NECL,20250620-MontpelierRecreation-1,5a18cd90-4e3a-11f0-b4cb-b5ae01d68125,89.08077,,,7.19131,,,,,,,02b34a53-8396-4766-a8a0-96dc6040d1de,6/21/2025,54:56.8,2025-06-20T20:54:56.8569344-04:00,2025-06-21T00:54:56.8569344Z,,v3,,,,"Sengenberger, Aidan",10034113,Right,NSH_N,c8597000-e0b1-488c-8d33-e6a860b495d9,54.2773,-130.44222,13.13091,6.34854,-8.88467,-6.15161,-0.7066,6.80976,-3.21525,,,,,,,,,,,,,,,,,,,,,,,,,,,,,,,,,,,,,,,,,,,,,,,,,,,High,High,High,,,,,
33,6/20/2025,55:14.5,2,4,"McNaught, Ray",1000145668,Right,NSH_N,"Gates, Sam",811781,Left,VER_MOU,Undefined,8,Bottom,1,3,0,Fastball,Four-Seam,BallCalled,Walk,Undefined,Undefined,0,0,,88.01392,-4.397609,-2.98805,2356.882328,205.635836,12:45,6.25683,0.76022,6.32303,-19.10694,16.36481,7.33489,0.60107,-1.38291,81.28067,-7.988524,-1.662401,0.42866,,,,,,,,,,,,-4.62595,10.02052,-0.54533,50,5.9254,6.37981,-127.53089,-10.35951,-7.6695,24.58442,-15.56075,VER_MOU,NSH_N,MontpelierRecreation,NECBL,NECL,20250620-MontpelierRecreation-1,648df520-4e3a-11f0-b4cb-b5ae01d68125,87.93091,,,6.73325,,,,,,,02b34a53-8396-4766-a8a0-96dc6040d1de,6/21/2025,55:14.5,2025-06-20T20:55:14.4784384-04:00,2025-06-21T00:55:14.4784384Z,,v3,,,,"Sengenberger, Aidan",10034113,Right,NSH_N,313b6e9b-ff92-4a5d-806c-e91bf4d8c571,54.17752,-128.33367,12.29221,6.25538,-9.85138,-7.78038,-0.75775,6.63025,-3.83475,,,,,,,,,,,,,,,,,,,,,,,,,,,,,,,,,,,,,,,,,,,,,,,,,,,High,High,High,,,,,
34,6/20/2025,56:05.1,3,1,"McNaught, Ray",1000145668,Right,NSH_N,"Rogan, Charlie",813159,Left,VER_MOU,Undefined,8,Bottom,1,0,0,Fastball,Four-Seam,FoulBallNotFieldable,Undefined,Undefined,Undefined,0,0,,89.04548,-2.182411,-1.950949,2509.588571,201.18223,12:45,6.25821,0.89097,5.95758,-16.88725,18.75414,6.76898,2.82495,-0.35483,80.40274,-5.422768,-0.735234,0.429684,68.64717,50.124874,-165.127099,4103.206092,,,,,42.41495,,,-4.10874,10.70461,-0.73986,50,6.0755,4.11374,-129.06702,-5.39321,-6.83382,30.36788,-14.36973,VER_MOU,NSH_N,MontpelierRecreation,NECBL,NECL,20250620-MontpelierRecreation-1,82cbf640-4e3a-11f0-b4cb-b5ae01d68125,87.72136,43.51004,,8.64274,,,,2.41755,3.02685,0.35155,02b34a53-8396-4766-a8a0-96dc6040d1de,6/21/2025,56:05.1,2025-06-20T20:56:05.1078656-04:00,2025-06-21T00:56:05.1078656Z,,v3,,,,"Sengenberger, Aidan",10034113,Right,NSH_N,5c9f0fe6-fece-47e4-a69a-77306d648ee0,54.53978,-130.13079,15.18394,6.2556,-4.88985,-7.18487,-0.88815,4.35312,-3.41691,356.958056,2.41755,-62.38594,2.58937,-0.05336,0.93476,-2.63133,3.86595,-3.00743,0.9687,3.02685,77.26845,-31.69495,4.40811,-0.29365,-1.66417,2.68893,-2.11658,0.68337,0.35155,-16.56787,0.02616,0.21117,0.43143,-1.33513,1.97278,-1.53584,0.49476,,,,,,,,,,,,,,,,,,,,,,,High,High,High,High,Undefined,,,
39,6/20/2025,59:10.6,4,3,"McNaught, Ray",1000145668,Right,NSH_N,"Brown, Griffin",1000096161,Right,VER_MOU,Undefined,8,Bottom,1,2,0,Fastball,Four-Seam,FoulBallNotFieldable,Undefined,Undefined,Undefined,0,0,,90.04302,-1.597997,-0.541218,2580.860231,192.822165,12:30,6.29737,0.59591,5.9284,-18.28517,15.9104,3.38855,3.29046,0.37611,82.81269,-5.043824,0.067558,0.420878,69.60875,27.669549,161.933643,3615.275632,-108.24056,25.05932,19.59405,166.87845,58.59241,173.847377,2.346645,-1.89114,8.91146,-0.55464,50,6.15928,1.09601,-130.87251,-4.2167,-3.29834,26.16499,-16.6315,VER_MOU,NSH_N,MontpelierRecreation,NECBL,NECL,20250620-MontpelierRecreation-1,f15da040-4e3a-11f0-b4cb-b5ae01d68125,89.55665,27.10961,,7.23033,,,,1.23399,3.14269,-0.49819,02b34a53-8396-4766-a8a0-96dc6040d1de,6/21/2025,59:10.6,2025-06-20T20:59:10.6079232-04:00,2025-06-21T00:59:10.6079232Z,LineDrive,v3,,,,"Sengenberger, Aidan",10034113,Right,NSH_N,b5bfdda4-bfdc-49d7-870b-229950886340,54.57142,-131.78329,13.08249,6.29598,-3.63777,-8.31575,-0.59478,1.21083,-1.64917,304.930406,1.23415,-85.9698,5.34387,0.54144,0.26437,-0.55964,0.36143,-0.10411,0.01131,3.14271,47.40791,-26.62878,3.74657,-0.78745,0.13663,-0.01834,0.00451,-0.00078,-0.4983,28.04726,-12.74664,3.05053,-1.17707,0.66238,-0.32626,0.09116,-0.01014,,,,,,,,,,,,,,,,,,,,,,,High,High,High,High,Medium,,,
40,6/20/2025,59:35.6,4,4,"McNaught, Ray",1000145668,Right,NSH_N,"Brown, Griffin",1000096161,Right,VER_MOU,Undefined,8,Bottom,1,2,1,Fastball,Four-Seam,BallCalled,Undefined,Undefined,Undefined,0,0,,90.63084,-1.748106,0.785277,2463.855046,185.633425,12:15,6.41317,0.49753,5.97984,-18.3956,15.83217,1.44429,3.25914,1.34584,82.10923,-5.246304,1.044973,0.421076,,,,,,,,,,,,-0.4978,9.01575,-0.56036,50,6.26487,-1.86432,-131.48532,-4.56424,-0.86233,30.60057,-16.55583,VER_MOU,NSH_N,MontpelierRecreation,NECBL,NECL,20250620-MontpelierRecreation-1,00422fe0-4e3b-11f0-b4cb-b5ae01d68125,89.51451,,,8.52161,,,,,,,02b34a53-8396-4766-a8a0-96dc6040d1de,6/21/2025,59:35.6,2025-06-20T20:59:35.5515904-04:00,2025-06-21T00:59:35.5515904Z,,v3,,,,"Sengenberger, Aidan",10034113,Right,NSH_N,c17aed31-5105-4850-89cb-391951a886d0,54.51663,-132.53231,15.30028,6.41135,-3.99779,-8.27792,-0.49708,-1.83481,-0.43116,,,,,,,,,,,,,,,,,,,,,,,,,,,,,,,,,,,,,,,,,,,,,,,,,,,High,High,High,,,,,
41,6/20/2025,59:59.8,4,5,"McNaught, Ray",1000145668,Right,NSH_N,"Brown, Griffin",1000096161,Right,VER_MOU,Undefined,8,Bottom,1,3,1,Fastball,Four-Seam,StrikeCalled,Undefined,Undefined,Undefined,0,0,,89.67847,-1.557258,-0.313349,2487.095918,191.774987,12:30,6.31438,0.59226,6.12526,-16.44906,18.16513,3.54441,3.5037,0.59797,81.50971,-4.713104,0.325711,0.423447,,,,,,,,,,,,-1.91536,10.1754,-0.57006,50,6.18659,0.56376,-130.20513,-3.98699,-3.26744,28.94343,-14.8157,VER_MOU,NSH_N,MontpelierRecreation,NECBL,NECL,20250620-MontpelierRecreation-1,0eb40080-4e3b-11f0-b4cb-b5ae01d68125,89.01346,,,8.16876,,,,,,,02b34a53-8396-4766-a8a0-96dc6040d1de,6/21/2025,59:59.8,2025-06-20T20:59:59.8120448-04:00,2025-06-21T00:59:59.8120448Z,,v3,,,,"Sengenberger, Aidan",10034113,Right,NSH_N,63c0e516-0dde-44a6-8373-0319429a9e79,54.37143,-131.17326,14.47171,6.31167,-3.49142,-7.40785,-0.59074,0.67305,-1.63372,,,,,,,,,,,,,,,,,,,,,,,,,,,,,,,,,,,,,,,,,,,,,,,,,,,High,High,High,,,,,
42,6/20/2025,00:39.4,4,6,"McNaught, Ray",1000145668,Right,NSH_N,"Brown, Griffin",1000096161,Right,VER_MOU,Undefined,8,Bottom,1,3,2,Fastball,Four-Seam,StrikeCalled,Strikeout,Undefined,Undefined,0,0,,89.96815,-2.365737,-0.105175,2516.734755,195.430865,12:30,6.33711,0.57259,6.09812,-17.7721,16.5708,4.26437,2.66682,0.83068,82.14282,-5.740763,0.663528,0.421784,,,,,,,,,,,,-2.24036,9.58189,-0.56675,50,6.14561,0.06518,-130.62937,-5.91411,-3.85829,28.36941,-15.67232,VER_MOU,NSH_N,MontpelierRecreation,NECBL,NECL,20250620-MontpelierRecreation-1,2656dff0-4e3b-11f0-b4cb-b5ae01d68125,89.3644,,,7.82533,,,,,,,02b34a53-8396-4766-a8a0-96dc6040d1de,6/21/2025,00:39.4,2025-06-20T21:00:39.4543616-04:00,2025-06-21T01:00:39.4543616Z,,v3,,,,"Sengenberger, Aidan",10034113,Right,NSH_N,dd4a5d3b-588d-4db1-b057-70a308cc415d,54.40053,-131.58158,14.18471,6.33529,-5.38807,-7.83616,-0.57111,0.19468,-1.92915,,,,,,,,,,,,,,,,,,,,,,,,,,,,,,,,,,,,,,,,,,,,,,,,,,,High,High,High,,,,,
43,6/20/2025,01:14.8,5,1,"McNaught, Ray",1000145668,Right,NSH_N,"Gilio, Ashtin",821881,Left,VER_MOU,Undefined,8,Bottom,2,0,0,Fastball,Four-Seam,StrikeCalled,Undefined,Undefined,Undefined,0,0,,90.13837,-2.257607,0.044723,2479.728236,192.820188,12:30,6.34986,0.51979,5.94967,-16.66584,17.88119,3.80185,2.86608,0.87809,81.91974,-5.437036,0.728036,0.423035,,,,,,,,,,,,-1.92606,10.17847,-0.52541,50,6.16084,-0.26631,-130.76995,-5.63152,-3.31257,29.32641,-14.66845,VER_MOU,NSH_N,MontpelierRecreation,NECBL,NECL,20250620-MontpelierRecreation-1,3b51d0e0-4e3b-11f0-b4cb-b5ae01d68125,89.09995,,,8.21862,,,,,,,02b34a53-8396-4766-a8a0-96dc6040d1de,6/21/2025,01:14.8,2025-06-20T21:01:14.8406784-04:00,2025-06-21T01:01:14.8406784Z,,v3,,,,"Sengenberger, Aidan",10034113,Right,NSH_N,1a1a1247-53fb-47c5-ba1e-59c8fcd1f204,54.5466,-131.78562,14.66321,6.34708,-5.1235,-7.33423,-0.51818,-0.15158,-1.65629,,,,,,,,,,,,,,,,,,,,,,,,,,,,,,,,,,,,,,,,,,,,,,,,,,,High,High,High,,,,,
44,6/20/2025,01:42.1,5,2,"McNaught, Ray",1000145668,Right,NSH_N,"Gilio, Ashtin",821881,Left,VER_MOU,Undefined,8,Bottom,2,0,1,Fastball,Four-Seam,FoulBallNotFieldable,Undefined,Undefined,Undefined,0,0,,90.38876,-2.508584,-1.67756,2618.374924,187.819272,12:15,6.25988,0.5867,5.89932,-16.98958,17.53745,2.24378,2.51274,-0.78413,82.00512,-5.744009,-1.27493,0.422913,64.85173,-28.371668,81.606541,,,,,6.57377,3.18721,56.794952,0.059124,-1.66736,10.11512,-0.45308,50,6.04838,3.74288,-131.0478,-6.24531,-2.87203,30.1486,-14.75088,VER_MOU,NSH_N,MontpelierRecreation,NECBL,NECL,20250620-MontpelierRecreation-1,4bb18ed0-4e3b-11f0-b4cb-b5ae01d68125,89.12576,2.68443,,8.38364,,,,2.87448,2.68443,0.583,02b34a53-8396-4766-a8a0-96dc6040d1de,6/21/2025,01:42.1,2025-06-20T21:01:42.1302272-04:00,2025-06-21T01:01:42.1302272Z,GroundBall,v3,,,,"Sengenberger, Aidan",10034113,Right,NSH_N,77865ad5-a816-4f6d-b3e4-03fbe3ff447e,54.59861,-132.10151,15.0743,6.25764,-5.72976,-7.37544,-0.58565,3.84326,-1.43601,,2.87395,12.27179,,,,,,,,2.68638,-45.40306,,,,,,,,0.57942,83.17006,,,,,,,,,,,,,,,,,,,,,,,,,,,,,,High,High,High,Low,Low,,,
45,6/20/2025,02:11.5,5,3,"McNaught, Ray",1000145668,Right,NSH_N,"Gilio, Ashtin",821881,Left,VER_MOU,Undefined,8,Bottom,2,0,2,Fastball,Four-Seam,BallCalled,Undefined,Undefined,Undefined,0,0,,91.23331,-2.807768,0.315138,2579.274764,186.718198,12:15,6.32543,0.57633,5.92174,-18.37099,15.29387,1.67099,2.18688,1.00802,83.29621,-6.271192,0.615389,0.417599,,,,,,,,,,,,-0.76169,8.97024,-0.60246,50,6.09012,-0.80091,-132.34666,-7.06067,-1.34703,29.01571,-16.31053,VER_MOU,NSH_N,MontpelierRecreation,NECBL,NECL,20250620-MontpelierRecreation-1,5d1c7b30-4e3b-11f0-b4cb-b5ae01d68125,90.25978,,,7.93711,,,,,,,02b34a53-8396-4766-a8a0-96dc6040d1de,6/21/2025,02:11.5,2025-06-20T21:02:11.5320832-04:00,2025-06-21T01:02:11.5320832Z,,v3,,,,"Sengenberger, Aidan",10034113,Right,NSH_N,43d0bd09-c8bc-46d8-beda-c80e8e835d95,54.57506,-133.34593,14.50785,6.32361,-6.49896,-8.15527,-0.57568,-0.75452,-0.67351,,,,,,,,,,,,,,,,,,,,,,,,,,,,,,,,,,,,,,,,,,,,,,,,,,,High,High,High,,,,,
46,6/20/2025,02:38.6,5,4,"McNaught, Ray",1000145668,Right,NSH_N,"Gilio, Ashtin",821881,Left,VER_MOU,Undefined,8,Bottom,2,1,2,Fastball,Four-Seam,StrikeSwinging,Strikeout,Undefined,Undefined,0,0,,90.35904,-3.622234,-1.333094,2495.530159,185.307091,12:15,6.3094,0.73737,6.0601,-19.55099,14.62725,1.25469,1.32221,-0.39214,82.67918,-7.294843,-1.107085,0.420772,,,,,,,,,,,,-1.04224,8.94957,-0.6346,50,6.01741,2.99936,-131.04023,-8.90017,-1.8055,28.65548,-16.67065,VER_MOU,NSH_N,MontpelierRecreation,NECBL,NECL,20250620-MontpelierRecreation-1,6d555030-4e3b-11f0-b4cb-b5ae01d68125,89.57932,,,7.67986,,,,,,,02b34a53-8396-4766-a8a0-96dc6040d1de,6/21/2025,02:38.6,2025-06-20T21:02:38.6400000-04:00,2025-06-21T01:02:38.6400000Z,,v3,,,,"Sengenberger, Aidan",10034113,Right,NSH_N,19f5b20a-7363-443a-b366-1599f6715110,54.44039,-132.00767,14.32774,6.30839,-8.33735,-8.33533,-0.73689,3.06032,-0.90275,,,,,,,,,,,,,,,,,,,,,,,,,,,,,47.58412,,,1.533545,,,,-0.55395,5.92622,-3.72581,75.75846,2.43218,49.02089,-0.49406,54.91015,-3.44621,5.9835,20.32902,-14.84346,-3.70514,36.53896,-1.42834,High,High,High,,,Medium,High,High
2,6/28/2025,10:23.4,1,2,"McNaught, Ray",1000145668,Right,NSH_N,"Preisano, Ryan",1000338789,Right,UPP_VAL,Undefined,7,Top,0,1,0,Fastball,Four-Seam,StrikeSwinging,Undefined,Undefined,Undefined,0,0,,91.78489,-0.695454,-0.810532,2650.877138,195.533,12:30,6.20384,0.6659,6.56523,-16.77639,15.51024,4.02921,4.16818,0.25859,83.84508,-3.918007,-0.078077,0.408962,,,,,,,,,,,,-2.33012,8.63768,-0.61162,50,6.14854,1.72577,-133.45993,-2.06403,-4.20009,28.88198,-16.60439,NSH_N,UPP_VAL,FraserField,NECBL,NECL,20250628-FraserField-1,120994d0-5475-11f0-be6f-e71f3cdb39a9,92.16617,,,7.93981,,,,,,,8b60fc3c-12a6-451f-9215-922855e343c0,6/28/2025,10:23.4,2025-06-28T19:10:23.3930000-04:00,2025-06-28T23:10:23.3930000Z,,v3,,,,"Kea, Jaydon",1000069129,Right,NSH_N,0666847f-5e4f-48bb-b97b-227d740ad619,53.93103,-134.30795,14.44099,6.20199,-1.5765,-8.30219,-0.6641,1.84909,-2.10005,,,,,,,,,,,,,,,,,,,,,,,,,,,,,,,,,,,,,,,,,,,,,,,,,,,High,High,High,,,,,
3,6/28/2025,10:42.3,1,3,"McNaught, Ray",1000145668,Right,NSH_N,"Preisano, Ryan",1000338789,Right,UPP_VAL,Undefined,7,Top,0,1,1,Fastball,Four-Seam,BallCalled,Undefined,Undefined,Undefined,0,0,,92.0996,-1.144987,-2.143809,2657.529603,185.531356,12:15,6.23999,0.52344,6.42667,-16.14017,16.18383,1.46728,3.84171,-1.32564,84.04625,-4.242679,-1.878081,0.409198,,,,,,,,,,,,-1.37004,9.08146,-0.37135,50,6.1508,4.94753,-133.77792,-3.10954,-2.4784,29.34047,-15.7459,NSH_N,UPP_VAL,FraserField,NECBL,NECL,20250628-FraserField-1,1d64fdb0-5475-11f0-be6f-e71f3cdb39a9,92.11289,,,8.05335,,,,,,,8b60fc3c-12a6-451f-9215-922855e343c0,6/28/2025,10:42.3,2025-06-28T19:10:42.3350000-04:00,2025-06-28T23:10:42.3350000Z,,v3,,,,"Kea, Jaydon",1000069129,Right,NSH_N,2764dc09-6dcd-420c-8e49-95ffbb7e75af,54.06955,-134.66751,14.67023,6.23785,-2.63213,-7.87295,-0.5225,5.02268,-1.2392,,,,,,,,,,,,,,,,,,,,,,,,,,,,,,,,,,,,,,,,,,,,,,,,,,,High,High,High,,,,,
4,6/28/2025,11:06.8,1,4,"McNaught, Ray",1000145668,Right,NSH_N,"Preisano, Ryan",1000338789,Right,UPP_VAL,Undefined,7,Top,0,2,1,Fastball,Four-Seam,BallCalled,Undefined,Undefined,Undefined,0,0,,92.28509,-1.069021,-1.400379,2579.345903,191.337651,12:30,6.23732,0.64702,6.64488,-14.47139,17.65588,3.32,4.05247,-0.35837,83.59261,-3.891824,-0.796179,0.407951,,,,,,,,,,,,-2.16335,9.92497,-0.55376,50,6.15888,3.1424,-134.05441,-2.8405,-3.89897,31.56804,-14.28635,NSH_N,UPP_VAL,FraserField,NECBL,NECL,20250628-FraserField-1,2c192e80-5475-11f0-be6f-e71f3cdb39a9,92.39448,,,8.69248,,,,,,,8b60fc3c-12a6-451f-9215-922855e343c0,6/28/2025,11:06.8,2025-06-28T19:11:06.8100000-04:00,2025-06-28T23:11:06.8100000Z,,v3,,,,"Kea, Jaydon",1000069129,Right,NSH_N,c6d3610b-9004-4ae4-8c86-01631f1bdb41,53.85011,-134.95801,15.78402,6.23434,-2.43157,-7.14318,-0.64531,3.254,-1.94948,,,,,,,,,,,,,,,,,,,,,,,,,,,,,,,,,,,,,,,,,,,,,,,,,,,High,High,High,,,,,
5,6/28/2025,11:28.2,1,5,"McNaught, Ray",1000145668,Right,NSH_N,"Preisano, Ryan",1000338789,Right,UPP_VAL,Undefined,7,Top,0,3,1,Fastball,Four-Seam,InPlay,Undefined,FlyBall,Out,1,0,,91.83171,-1.681457,-1.443506,2586.539502,193.71766,12:30,6.1974,0.52275,6.70826,-13.80839,18.43666,4.2402,3.50856,-0.44386,83.56106,-4.376696,-0.670906,0.408698,87.51213,51.814206,-12.149544,4710.317885,,,,,64.80983,,,-2.67028,10.56245,-0.42856,50,6.08008,3.19959,-133.4575,-4.23558,-4.78769,30.29445,-13.23594,NSH_N,UPP_VAL,FraserField,NECBL,NECL,20250628-FraserField-1,38b8b020-5475-11f0-be6f-e71f3cdb39a9,92.22559,85.77933,,8.27065,,,,1.57725,4.17716,1.15572,8b60fc3c-12a6-451f-9215-922855e343c0,6/28/2025,11:28.2,2025-06-28T19:11:28.1610000-04:00,2025-06-28T23:11:28.1610000Z,,v3,,,,"Kea, Jaydon",1000069129,Right,NSH_N,60ed5bd9-1385-4059-8cba-20f45a2ed1e5,53.78908,-134.31485,15.14722,6.19465,-3.86099,-6.61797,-0.52103,3.33509,-2.39385,195.698261,1.57725,77.571,-22.57452,6.79453,-1.71103,0.40723,-0.09199,0.01702,-0.0018,4.17716,100.88513,-23.6989,1.55365,0.11242,-0.14591,0.05632,-0.01441,0.00195,1.15572,-16.69995,10.97273,-4.00292,1.16023,-0.31012,0.07723,-0.01563,0.0018,,,,,,,,,,,,,,,,,,,,,,,High,High,High,Medium,Undefined,,,
6,6/28/2025,12:04.3,2,1,"McNaught, Ray",1000145668,Right,NSH_N,"Greco, Anthony",8901063,Right,UPP_VAL,Undefined,7,Top,1,0,0,Fastball,Four-Seam,InPlay,Undefined,GroundBall,Out,1,0,,91.39924,-2.361924,-1.541971,2515.511143,205.281154,12:45,6.17391,0.59015,6.80168,-16.75469,15.5921,6.87422,2.62023,-0.24451,83.57138,-5.584755,-0.286738,0.409343,90.99313,-4.323119,34.080135,,,,,29.40198,27.31966,33.17318,0.216207,-4.10213,9.26847,-0.49279,50,6.01451,3.31992,-132.8418,-5.90379,-7.31296,29.08444,-15.65097,NSH_N,UPP_VAL,FraserField,NECBL,NECL,20250628-FraserField-1,4e575b20-5475-11f0-be6f-e71f3cdb39a9,92.08044,2.74922,,7.82786,,,,1.89796,2.74922,0.20507,8b60fc3c-12a6-451f-9215-922855e343c0,6/28/2025,12:04.3,2025-06-28T19:12:04.3250000-04:00,2025-06-28T23:12:04.3250000Z,GroundBall,v3,,,,"Kea, Jaydon",1000069129,Right,NSH_N,103fdd6e-feb2-4ade-8b3b-895c11ede5e1,53.69667,-133.6487,14.54222,6.17227,-5.46958,-7.82549,-0.58771,3.52281,-3.65648,263.741185,1.9005,110.06559,-23.31516,,,,,,,2.7496,-10.08354,-12.19161,,,,,,,0.20513,74.5663,-5.11379,,,,,,,,,,,,,,,,,,,,,,,,,,,,,High,High,High,High,High,,,
10,6/28/2025,24:20.5,1,1,"McNaught, Ray",1000145668,Right,NSH_N,"MacDougall, Ryan",1000268563,Left,UPP_VAL,Undefined,8,Top,0,0,0,Fastball,Four-Seam,InPlay,Undefined,GroundBall,Out,1,0,,91.47223,-2.219285,-1.93328,2565.506399,206.328299,1:00,6.12309,0.76657,6.68762,-18.56682,13.52568,6.23957,2.54398,-0.48226,84.55914,-5.741308,-0.796626,0.407731,70.29664,2.130879,26.062554,1579.917017,,,,52.70701,51.44173,23.935741,0.521162,-3.80528,8.00355,-0.64007,50,5.9674,4.25918,-133.0456,-5.67258,-6.88561,25.99939,-17.69175,NSH_N,UPP_VAL,FraserField,NECBL,NECL,20250628-FraserField-1,05213870-5477-11f0-be6f-e71f3cdb39a9,92.44446,3.04791,,6.9131,,,,1.62237,2.84837,0.09122,8b60fc3c-12a6-451f-9215-922855e343c0,6/28/2025,24:20.5,2025-06-28T19:24:20.4760000-04:00,2025-06-28T23:24:20.4760000Z,GroundBall,v3,,,,"Kea, Jaydon",1000069129,Right,NSH_N,76762e82-6426-457b-b0cf-ca66fa98dbf4,53.81217,-133.7885,12.99969,6.12226,-5.16707,-8.84587,-0.76457,4.45592,-3.44281,69.724879,1.62382,92.51603,-6.13671,,,,,,,2.85646,3.62656,-17.50404,,,,,,,0.09808,45.08987,-8.17292,,,,,,,,,,,,,,,,,,,,,,,,,,,,,High,High,High,Medium,High,,,
11,6/28/2025,24:56.0,2,1,"McNaught, Ray",1000145668,Right,NSH_N,"Trommer, Michael",1000441887,Right,UPP_VAL,Undefined,8,Top,1,0,0,Fastball,Four-Seam,HitByPitch,Undefined,Undefined,Undefined,0,0,,91.05028,-0.504784,-3.238896,2555.452671,185.719939,12:15,6.128,0.68082,6.75177,-13.08434,19.55099,1.85665,4.57578,-2.1262,83.18059,-3.065609,-2.901238,0.411164,,,,,,,,,,,,-1.8839,10.79319,-0.46902,50,6.08928,7.41413,-132.26411,-1.44718,-3.33685,28.23588,-13.0566,NSH_N,UPP_VAL,FraserField,NECBL,NECL,20250628-FraserField-1,1a4a6550-5477-11f0-be6f-e71f3cdb39a9,91.67245,,,7.86969,,,,,,,8b60fc3c-12a6-451f-9215-922855e343c0,6/28/2025,24:56.0,2025-06-28T19:24:56.0250000-04:00,2025-06-28T23:24:56.0250000Z,,v3,,,,"Kea, Jaydon",1000069129,Right,NSH_N,a6a9884a-ef7a-4e03-b4da-b8b1610998aa,53.74563,-133.06133,14.11794,6.12493,-1.07853,-6.5283,-0.67968,7.50834,-1.66843,,,,,,,,,,,,,,,,,,,,,,,,,,,,,,,,,,,,,,,,,,,,,,,,,,,High,High,High,,,,,
14,6/28/2025,26:27.5,3,3,"McNaught, Ray",1000145668,Right,NSH_N,"Mazzotta, Nick",1000139861,Right,UPP_VAL,Undefined,8,Top,1,1,1,Fastball,Four-Seam,BallCalled,Undefined,Undefined,Undefined,0,0,,90.589,-0.32741,-1.034417,2513.751688,193.859396,12:30,6.17598,0.99816,6.76894,-18.16588,14.82583,3.39496,4.36313,0.33638,82.49231,-3.826736,-0.414947,0.413403,,,,,,,,,,,,-2.08047,8.24819,-0.9317,50,6.1473,2.24556,-131.71363,-1.21357,-3.63983,29.04533,-17.74362,NSH_N,UPP_VAL,FraserField,NECBL,NECL,20250628-FraserField-1,50b27740-5477-11f0-be6f-e71f3cdb39a9,91.176,,,8.09668,,,,,,,8b60fc3c-12a6-451f-9215-922855e343c0,6/28/2025,26:27.5,2025-06-28T19:26:27.5470000-04:00,2025-06-28T23:26:27.5470000Z,,v3,,,,"Kea, Jaydon",1000069129,Right,NSH_N,031c5d9e-151d-4e16-9936-3c737e1e1f43,53.72644,-132.53284,14.52267,6.17447,-0.71312,-8.87181,-0.99649,2.34822,-1.81991,,,,,,,,,,,,,,,,,,,,,,,,,,,,,,,,,,,,,,,,,,,,,,,,,,,High,High,High,,,,,
15,6/28/2025,26:48.0,3,4,"McNaught, Ray",1000145668,Right,NSH_N,"Mazzotta, Nick",1000139861,Right,UPP_VAL,Undefined,8,Top,1,2,1,Fastball,Four-Seam,StrikeSwinging,Undefined,Undefined,Undefined,0,0,,90.02837,-1.950394,-1.87197,2556.318387,196.49986,12:30,6.14605,0.99989,6.62526,-19.22985,14.33973,3.92921,2.75601,-0.38739,82.32393,-5.618381,-1.15714,0.417008,,,,,,,,,,,,-2.59118,8.42682,-0.87447,50,6.0057,4.1224,-130.79368,-4.97457,-4.48108,28.01925,-17.60114,NSH_N,UPP_VAL,FraserField,NECBL,NECL,20250628-FraserField-1,5d025240-5477-11f0-be6f-e71f3cdb39a9,90.3878,,,7.70444,,,,,,,8b60fc3c-12a6-451f-9215-922855e343c0,6/28/2025,26:48.0,2025-06-28T19:26:47.9810000-04:00,2025-06-28T23:26:47.9810000Z,,v3,,,,"Kea, Jaydon",1000069129,Right,NSH_N,948dd824-fcaa-4969-9e6d-093f14643c27,53.87141,-131.62042,14.00962,6.14482,-4.45523,-8.80057,-0.99805,4.25462,-2.24054,,,,,,,,,,,,,,,,,,,,,,,,,,,,,,,,,,,,,,,,,,,,,,,,,,,High,High,High,,,,,
18,6/28/2025,28:10.1,4,2,"McNaught, Ray",1000145668,Right,NSH_N,"Monile, Nick",10006592,Left,UPP_VAL,Undefined,8,Top,2,1,0,Fastball,Four-Seam,InPlay,Undefined,GroundBall,Out,1,0,,90.7473,-1.97088,-2.283365,2625.495691,189.623422,12:15,6.14204,0.78984,6.53885,-21.45592,11.71493,1.80705,2.54427,-1.15492,83.03741,-6.02944,-1.955255,0.414524,66.60556,2.495944,16.237225,1975.432759,,,,46.17434,45.22681,18.901609,0.49298,-1.59677,7.03307,-0.63238,50,5.99613,5.18453,-131.79623,-5.16241,-2.80305,28.52568,-19.82778,NSH_N,UPP_VAL,FraserField,NECBL,NECL,20250628-FraserField-1,8df65d60-5477-11f0-be6f-e71f3cdb39a9,90.92946,2.64899,,7.70989,,,,0.275,2.41505,1.18488,8b60fc3c-12a6-451f-9215-922855e343c0,6/28/2025,28:10.1,2025-06-28T19:28:10.1360000-04:00,2025-06-28T23:28:10.1360000Z,GroundBall,v3,,,,"Kea, Jaydon",1000069129,Right,NSH_N,a7c5b858-e44e-4c83-8ce1-c76d6f95ea13,53.95849,-132.65023,14.26284,6.14179,-4.56881,-9.91389,-0.78885,5.26845,-1.40153,298.585678,0.28168,93.52023,-11.13898,,,,,,,2.42415,4.00708,-18.13888,,,,,,,1.18134,27.38579,1.14908,,,,,,,,,,,,,,,,,,,,,,,,,,,,,High,High,High,High,High,,,
2,7/7/2025,47:04.5,1,2,"McNaught, Ray",1000145668,Right,NSH_N,"Sencaj, Brendan",10103630,Right,SAN_MAI,Undefined,1,Bottom,0,1,0,Fastball,Four-Seam,BallCalled,Undefined,Undefined,Undefined,0,0,,90.84863,-0.616481,-1.231414,2455.126099,204.847978,12:45,6.51096,0.83732,6.44731,-16.02706,17.20903,7.46729,4.6088,0.328,82.65624,-3.70971,0.122689,0.414931,,,,,,,,,,,,-4.23229,9.47898,-0.75299,50,6.45971,2.53225,-132.01178,-1.83141,-7.43651,29.2295,-15.51853,SAN_MAI,NSH_N,GoodallPark,NECBL,NECL,20250707-GoodallPark-1,4e3f3020-5b84-11f0-a3f6-751f9244fc82,90.84016,,,8.19239,,,,,,,cfeae2c4-35de-4b6b-a934-fd3562a3f69e,7/7/2025,47:04.5,2025-07-07T18:47:04.5130000-04:00,2025-07-07T22:47:04.5130000Z,,v3,,,,"Kea, Jaydon",1000069129,Right,NSH_N,082e48c9-f5ba-45bb-8103-47b09787fc5c,54.05008,-132.9055,14.61475,6.50845,-1.35691,-7.75927,-0.83389,2.75963,-3.71826,,,,,,,,,,,,,,,,,,,,,,,,,,,,,,,,,,,,,,,,,,,,,,,,,,,High,High,High,,,,,
3,7/7/2025,47:23.0,1,3,"McNaught, Ray",1000145668,Right,NSH_N,"Sencaj, Brendan",10103630,Right,SAN_MAI,Undefined,1,Bottom,0,2,0,Fastball,Four-Seam,BallCalled,Undefined,Undefined,Undefined,0,0,,89.62763,-2.704824,-3.632643,2404.982728,201.534574,12:45,6.31733,0.68855,6.74401,-13.98572,20.12214,7.46847,2.67385,-2.01239,81.21999,-5.447013,-2.274704,0.420338,,,,,,,,,,,,-5.02481,11.78079,-0.45194,50,6.13308,7.95455,-129.87323,-6.43433,-8.50034,29.62171,-12.24477,SAN_MAI,NSH_N,GoodallPark,NECBL,NECL,20250707-GoodallPark-1,592c46d0-5b84-11f0-a3f6-751f9244fc82,89.67175,,,8.40763,,,,,,,cfeae2c4-35de-4b6b-a934-fd3562a3f69e,7/7/2025,47:23.0,2025-07-07T18:47:22.9830000-04:00,2025-07-07T22:47:22.9830000Z,,v3,,,,"Kea, Jaydon",1000069129,Right,NSH_N,87061a4d-a50f-47fd-a8e9-b6fdb43b1f4c,53.75276,-130.72636,14.81085,6.31331,-6.08167,-6.12238,-0.68456,8.19937,-4.25017,,,,,,,,,,,,,,,,,,,,,,,,,,,,,,,,,,,,,,,,,,,,,,,,,,,High,High,High,,,,,
4,7/7/2025,47:43.4,1,4,"McNaught, Ray",1000145668,Right,NSH_N,"Sencaj, Brendan",10103630,Right,SAN_MAI,Undefined,1,Bottom,0,3,0,Fastball,Four-Seam,StrikeCalled,Undefined,Undefined,Undefined,0,0,,89.97565,-2.340964,-2.228897,2432.500229,216.949817,1:15,6.44166,0.86507,6.40924,-18.20745,15.80351,11.03898,2.76911,-0.26544,82.02207,-5.816908,-0.228926,0.419741,,,,,,,,,,,,-6.39351,9.26528,-0.7102,50,6.26549,4.64008,-130.59026,-5.84084,-10.99273,28.61926,-16.24377,SAN_MAI,NSH_N,GoodallPark,NECBL,NECL,20250707-GoodallPark-1,656146d0-5b84-11f0-a3f6-751f9244fc82,89.79938,,,7.95358,,,,,,,cfeae2c4-35de-4b6b-a934-fd3562a3f69e,7/7/2025,47:43.4,2025-07-07T18:47:43.3680000-04:00,2025-07-07T22:47:43.3680000Z,,v3,,,,"Kea, Jaydon",1000069129,Right,NSH_N,cdfc5d2e-ccbd-4e87-8492-67e8a255af8a,54.08927,-131.48338,14.30963,6.43985,-5.33392,-8.12188,-0.86035,4.98313,-5.49637,,,,,,,,,,,,,,,,,,,,,,,,,,,,,,,,,,,,,,,,,,,,,,,,,,,High,High,High,,,,,
5,7/7/2025,48:00.3,1,5,"McNaught, Ray",1000145668,Right,NSH_N,"Sencaj, Brendan",10103630,Right,SAN_MAI,Undefined,1,Bottom,0,3,1,Fastball,Four-Seam,BallCalled,Walk,Undefined,Undefined,0,0,,89.42258,-1.813248,-1.890141,2402.175416,192.958927,12:30,6.51745,0.89822,6.41548,-14.08623,20.60714,4.45658,3.67511,-0.46875,80.7253,-4.573069,-1.083001,0.423931,,,,,,,,,,,,-2.90205,11.65048,-0.76495,50,6.38097,4.09825,-129.7161,-4.41872,-4.87999,30.44268,-12.58293,SAN_MAI,NSH_N,GoodallPark,NECBL,NECL,20250707-GoodallPark-1,6f638850-5b84-11f0-a3f6-751f9244fc82,88.9118,,,8.69728,,,,,,,cfeae2c4-35de-4b6b-a934-fd3562a3f69e,7/7/2025,48:00.3,2025-07-07T18:48:00.2820000-04:00,2025-07-07T22:48:00.2820000Z,,v3,,,,"Kea, Jaydon",1000069129,Right,NSH_N,37f3bff8-3fe8-424f-bd25-23e77a1e9703,54.08024,-130.67017,15.22134,6.51327,-4.02438,-6.29147,-0.89578,4.25119,-2.43999,,,,,,,,,,,,,,,,,,,,,,,,,,,,,,,,,,,,,,,,,,,,,,,,,,,High,High,High,,,,,
6,7/7/2025,48:37.9,2,1,"McNaught, Ray",1000145668,Right,NSH_N,"Kent, Zack",1000215889,Right,SAN_MAI,Undefined,1,Bottom,0,0,0,Fastball,Four-Seam,InPlay,Undefined,LineDrive,Single,0,0,,89.95751,-3.371763,-2.970129,2443.477019,205.56108,12:45,6.45305,0.98299,6.51505,-14.60493,19.38985,8.72461,2.13424,-1.01785,81.95798,-6.199071,-1.388491,0.41964,74.42786,20.313494,18.933179,3934.291349,101.04188,28.01421,43.48004,220.87395,219.4317,27.862745,2.960059,-5.44823,11.50095,-0.77938,50,6.21089,6.42591,-130.39716,-8.04099,-9.33383,28.69743,-12.47083,SAN_MAI,NSH_N,GoodallPark,NECBL,NECL,20250707-GoodallPark-1,85f8c850-5b84-11f0-a3f6-751f9244fc82,89.82079,28.35357,,7.99953,,,,0.72779,2.06543,1.02809,cfeae2c4-35de-4b6b-a934-fd3562a3f69e,7/7/2025,48:37.9,2025-07-07T18:48:37.9270000-04:00,2025-07-07T22:48:37.9270000Z,LineDrive,v3,,,,"Kea, Jaydon",1000069129,Right,NSH_N,990b73e0-c499-4592-9ba9-8f7d8ee32770,53.98405,-131.27102,14.34871,6.44996,-7.66124,-6.23541,-0.97938,6.71014,-4.66691,217.01177,0.72783,96.83138,-16.99305,3.48835,-0.653,0.09362,-0.00586,-0.00094,0.00017,2.0654,37.89724,-14.35438,0.59015,-0.09931,0.03629,-0.01307,0.00307,-0.00029,1.02809,33.21624,0.49782,0.00533,-0.02511,0.01157,-0.00338,0.00064,-5.00E-05,,,,,,,,,,,,,,,,,,,,,,,High,High,High,High,High,,,
7,7/7/2025,49:22.4,3,1,"McNaught, Ray",1000145668,Right,NSH_N,"Tozzi, Domenico",831301,Right,SAN_MAI,Undefined,1,Bottom,0,0,0,Fastball,Four-Seam,BallCalled,Undefined,Undefined,Undefined,0,0,,90.35449,-3.59724,-2.536697,2414.738561,200.035989,12:45,6.4626,0.83715,6.48633,-16.64194,17.0182,5.8017,1.76548,-1.00989,82.58835,-6.777669,-1.484715,0.41757,,,,,,,,,,,,-3.75953,10.27603,-0.66136,50,6.20197,5.5747,-130.99574,-8.67893,-6.51566,28.34297,-14.36464,SAN_MAI,NSH_N,GoodallPark,NECBL,NECL,20250707-GoodallPark-1,a0571e40-5b84-11f0-a3f6-751f9244fc82,90.26616,,,7.76614,,,,,,,cfeae2c4-35de-4b6b-a934-fd3562a3f69e,7/7/2025,49:22.4,2025-07-07T18:49:22.4230000-04:00,2025-07-07T22:49:22.4230000Z,,v3,,,,"Kea, Jaydon",1000069129,Right,NSH_N,ba4f4bd6-fcbe-4b63-af2b-4e0697e04eaf,54.0124,-131.86102,14.17148,6.46024,-8.24039,-7.18232,-0.83458,5.77361,-3.25783,,,,,,,,,,,,,,,,,,,,,,,,,,,,,,,,,,,,,,,,,,,,,,,,,,,High,High,High,,,,,
8,7/7/2025,49:45.6,3,2,"McNaught, Ray",1000145668,Right,NSH_N,"Tozzi, Domenico",831301,Right,SAN_MAI,Undefined,1,Bottom,0,1,0,Fastball,Four-Seam,StrikeCalled,Undefined,Undefined,Undefined,0,0,,90.36617,-2.527601,-2.202605,2445.109614,202.467372,12:45,6.33187,0.89344,6.39193,-12.17288,21.73111,8.49823,2.98943,-0.42526,81.88736,-4.926334,-0.66451,0.41908,,,,,,,,,,,,-5.06768,12.41158,-0.73864,50,6.14397,4.69109,-131.06161,-6.03852,-8.73667,29.98411,-10.77651,SAN_MAI,NSH_N,GoodallPark,NECBL,NECL,20250707-GoodallPark-1,ae0291a0-5b84-11f0-a3f6-751f9244fc82,89.94092,,,8.47881,,,,,,,cfeae2c4-35de-4b6b-a934-fd3562a3f69e,7/7/2025,49:45.6,2025-07-07T18:49:45.5840000-04:00,2025-07-07T22:49:45.5840000Z,,v3,,,,"Kea, Jaydon",1000069129,Right,NSH_N,5aa98066-44d2-4c62-8dab-aa1dce2e4bdc,54.10505,-131.99742,14.99206,6.32718,-5.70218,-5.38825,-0.8893,4.96376,-4.36834,,,,,,,,,,,,,,,,,,,,,,,,,,,,,,,,,,,,,,,,,,,,,,,,,,,High,High,High,,,,,
10,7/7/2025,50:53.5,4,1,"McNaught, Ray",1000145668,Right,NSH_N,"Douin, Kyle",1000321272,Left,SAN_MAI,Undefined,1,Bottom,0,0,0,Fastball,Four-Seam,BallCalled,Undefined,Undefined,Undefined,0,0,,90.61325,-4.139992,-1.968688,2570.412134,191.804819,12:30,6.52215,0.75825,6.41771,-12.97721,20.49139,4.05701,1.62586,-0.71423,83.02796,-6.648392,-1.233856,0.41638,,,,,,,,,,,,-2.68417,12.22572,-0.61951,50,6.21991,4.35931,-131.38776,-9.82749,-4.69272,27.79743,-10.7999,SAN_MAI,NSH_N,GoodallPark,NECBL,NECL,20250707-GoodallPark-1,d6997fc0-5b84-11f0-a3f6-751f9244fc82,90.52404,,,7.58529,,,,,,,cfeae2c4-35de-4b6b-a934-fd3562a3f69e,7/7/2025,50:53.5,2025-07-07T18:50:53.5460000-04:00,2025-07-07T22:50:53.5460000Z,,v3,,,,"Kea, Jaydon",1000069129,Right,NSH_N,7ec232f6-22f1-4bca-8ce1-c52a4fb4646d,54.08285,-132.24874,13.89871,6.51912,-9.49299,-5.39995,-0.75678,4.50466,-2.34636,,,,,,,,,,,,,,,,,,,,,,,,,,,,,,,,,,,,,,,,,,,,,,,,,,,High,High,High,,,,,
11,7/7/2025,51:10.6,4,2,"McNaught, Ray",1000145668,Right,NSH_N,"Douin, Kyle",1000321272,Left,SAN_MAI,Undefined,1,Bottom,0,1,0,Fastball,Four-Seam,BallCalled,Undefined,Undefined,Undefined,0,0,,90.12725,-1.463128,-1.032123,2479.99746,201.957486,12:45,6.47944,1.04613,6.35284,-15.0758,18.77336,7.12674,3.87587,0.68991,82.18598,-4.374622,0.258037,0.418741,,,,,,,,,,,,-3.99248,10.51485,-0.97437,50,6.36592,2.06975,-130.94796,-3.72426,-6.91433,28.32098,-13.96391,SAN_MAI,NSH_N,GoodallPark,NECBL,NECL,20250707-GoodallPark-1,e0bae200-5b84-11f0-a3f6-751f9244fc82,90.01376,,,7.94127,,,,,,,cfeae2c4-35de-4b6b-a934-fd3562a3f69e,7/7/2025,51:10.6,2025-07-07T18:51:10.6480000-04:00,2025-07-07T22:51:10.6480000Z,,v3,,,,"Kea, Jaydon",1000069129,Right,NSH_N,5fece446-1700-4f29-8b94-e103a93e2cc6,54.14528,-131.84144,14.16049,6.47646,-3.28372,-6.98196,-1.0431,2.28788,-3.45717,,,,,,,,,,,,,,,,,,,,,,,,,,,,,,,,,,,,,,,,,,,,,,,,,,,High,High,High,,,,,
12,7/7/2025,51:33.0,4,3,"McNaught, Ray",1000145668,Right,NSH_N,"Douin, Kyle",1000321272,Left,SAN_MAI,Undefined,1,Bottom,0,2,0,Fastball,Four-Seam,BallCalled,Undefined,Undefined,Undefined,0,0,,90.02695,-3.707374,-3.176676,2511.224379,196.80345,12:30,6.47734,0.61719,6.61505,-13.58953,20.10044,5.74103,1.93941,-1.81681,82.42184,-6.341525,-2.134569,0.417755,,,,,,,,,,,,-3.89205,11.92753,-0.40325,50,6.2186,7.01984,-130.48665,-8.77083,-6.71286,27.36295,-11.60186,SAN_MAI,NSH_N,GoodallPark,NECBL,NECL,20250707-GoodallPark-1,ee096850-5b84-11f0-a3f6-751f9244fc82,90.22617,,,7.6051,,,,,,,cfeae2c4-35de-4b6b-a934-fd3562a3f69e,7/7/2025,51:33.0,2025-07-07T18:51:32.9750000-04:00,2025-07-07T22:51:32.9750000Z,,v3,,,,"Kea, Jaydon",1000069129,Right,NSH_N,8f9149bf-2cdd-4236-884a-06efab253e5b,53.88373,-131.29854,13.68147,6.47373,-8.42659,-5.80093,-0.61449,7.21902,-3.35643,,,,,,,,,,,,,,,,,,,,,,,,,,,,,,,,,,,,,,,,,,,,,,,,,,,High,High,High,,,,,
13,7/7/2025,51:54.3,4,4,"McNaught, Ray",1000145668,Right,NSH_N,"Douin, Kyle",1000321272,Left,SAN_MAI,Undefined,1,Bottom,0,3,0,Fastball,Four-Seam,InPlay,Undefined,GroundBall,FieldersChoice,1,1,,90.19678,-2.439218,-2.116259,2513.016706,210.803855,1:00,6.45058,0.83989,6.2518,-17.36123,16.51737,9.2089,2.75144,-0.34523,82.62204,-5.741548,-0.452957,0.418923,70.60427,-11.214355,17.700762,,,,,17.04388,16.50486,17.504293,0.15362,-5.3865,9.58709,-0.68712,50,6.26053,4.47108,-130.95881,-6.07396,-9.36154,27.4585,-15.51208,SAN_MAI,NSH_N,GoodallPark,NECBL,NECL,20250707-GoodallPark-1,fadaf670-5b84-11f0-a3f6-751f9244fc82,89.97463,3.10638,,7.57474,,,,1.32866,3.10638,0.3627,cfeae2c4-35de-4b6b-a934-fd3562a3f69e,7/7/2025,51:54.3,2025-07-07T18:51:54.3020000-04:00,2025-07-07T22:51:54.3020000Z,GroundBall,v3,,,,"Kea, Jaydon",1000069129,Right,NSH_N,42366c86-7729-457a-8380-c5d82ca0c5ba,54.24831,-131.84655,13.72925,6.4488,-5.57245,-7.75604,-0.83656,4.77374,-4.68077,180,1.31889,97.16195,,,,,,,,3.10841,-20.2212,,,,,,,,0.35958,31.00976,,,,,,,,,,,,,,,,,,,,,,,,,,,,,,High,High,High,Medium,High,,,
16,7/7/2025,53:18.5,5,3,"McNaught, Ray",1000145668,Right,NSH_N,"Jones, Charlie",10297683,Left,SAN_MAI,Undefined,1,Bottom,1,2,0,Fastball,Four-Seam,StrikeSwinging,Undefined,Undefined,Undefined,0,0,,89.4824,-2.464081,-2.22625,2428.249801,187.454435,12:15,6.45148,0.88217,6.51543,-19.57202,14.51509,1.75925,2.55631,-1.01509,82.07276,-6.17706,-1.90699,0.42021,,,,,,,,,,,,-1.53181,8.61682,-0.72767,50,6.27084,4.98224,-129.92926,-6.13606,-2.62116,26.96757,-17.4294,SAN_MAI,NSH_N,GoodallPark,NECBL,NECL,20250707-GoodallPark-1,2d156440-5b85-11f0-a3f6-751f9244fc82,89.69906,,,7.40964,,,,,,,cfeae2c4-35de-4b6b-a934-fd3562a3f69e,7/7/2025,53:18.5,2025-07-07T18:53:18.5160000-04:00,2025-07-07T22:53:18.5160000Z,,v3,,,,"Kea, Jaydon",1000069129,Right,NSH_N,ca5053d6-f803-4c53-a519-5664872ec3c1,53.98306,-130.75335,13.48378,6.45021,-5.60344,-8.7147,-0.88114,5.06234,-1.31058,,,,,,,,,,,,,,,,,,,,,,,,,,,,,,,,,,,,,,,,,,,,,,,,,,,High,High,High,,,,,
20,7/7/2025,56:40.0,7,1,"McNaught, Ray",1000145668,Right,NSH_N,"Jenkins, Luke",1000090931,Left,SAN_MAI,Undefined,1,Bottom,1,0,0,Fastball,Cutter,BallCalled,Undefined,Undefined,Undefined,0,0,,89.68908,-2.514695,-2.318508,2482.691385,174.339719,11:45,6.5318,0.62662,6.31363,-23.2606,10.79367,-0.96925,2.27366,-1.59098,82.73452,-6.860892,-2.493762,0.420008,,,,,,,,,,,,-0.10323,6.60079,-0.45639,50,6.33627,5.31174,-130.23752,-6.44221,-0.17835,25.88094,-20.77166,SAN_MAI,NSH_N,GoodallPark,NECBL,NECL,20250707-GoodallPark-1,a504d260-5b85-11f0-a3f6-751f9244fc82,89.74227,,,6.95456,,,,,,,cfeae2c4-35de-4b6b-a934-fd3562a3f69e,7/7/2025,56:40.0,2025-07-07T18:56:40.0040000-04:00,2025-07-07T22:56:40.0040000Z,,v3,,,,"Kea, Jaydon",1000069129,Right,NSH_N,fbd2ec7d-aec8-4191-ab0c-589b640475d9,54.18562,-131.06665,12.94047,6.532,-5.77677,-10.38583,-0.62665,5.31745,-0.08917,,,,,,,,,,,,,,,,,,,,,,,,,,,,,,,,,,,,,,,,,,,,,,,,,,,High,High,High,,,,,
21,7/7/2025,56:58.3,7,2,"McNaught, Ray",1000145668,Right,NSH_N,"Jenkins, Luke",1000090931,Left,SAN_MAI,Undefined,1,Bottom,1,1,0,Fastball,Four-Seam,InPlay,Undefined,GroundBall,Single,0,1,,90.48804,-1.691559,-0.645101,2487.199905,203.327652,12:45,6.41127,0.86216,6.42676,-18.53525,14.72099,5.91618,3.3113,0.7622,83.17841,-5.210811,0.427892,0.415057,96.61733,3.72492,-0.317947,819.779435,,,,100.03457,100.03457,-1.869472,0.769863,-3.27024,8.46067,-0.81876,50,6.28215,1.24939,-131.58884,-4.41156,-5.75841,26.80895,-17.27604,SAN_MAI,NSH_N,GoodallPark,NECBL,NECL,20250707-GoodallPark-1,b00dae70-5b85-11f0-a3f6-751f9244fc82,90.81261,4.3996,,7.30962,,,,0.4124,3.23892,-0.6886,cfeae2c4-35de-4b6b-a934-fd3562a3f69e,7/7/2025,56:58.3,2025-07-07T18:56:58.3490000-04:00,2025-07-07T22:56:58.3490000Z,GroundBall,v3,,,,"Kea, Jaydon",1000069129,Right,NSH_N,ba65b473-a329-4e5c-b90c-666dfcd62961,54.0732,-132.41608,13.40448,6.41005,-3.87847,-8.63802,-0.86006,1.42707,-2.8792,70.267724,0.45609,140.63422,-14.82089,,,,,,,3.26911,8.67594,-16.83278,,,,,,,-0.67294,-1.06181,-3.01558,,,,,,,,,,,,,,,,,,,,,,,,,,,,,High,High,High,High,High,,,
25,7/7/2025,58:41.4,8,4,"McNaught, Ray",1000145668,Right,NSH_N,"Miller, Sam",1000196268,Right,SAN_MAI,Undefined,1,Bottom,1,2,1,Fastball,Four-Seam,FoulBallNotFieldable,Undefined,Undefined,Undefined,0,0,,90.78512,-1.750276,-1.286172,2569.827602,199.070127,12:45,6.47965,0.86086,6.48395,-19.18851,13.64552,4.39099,3.27266,0.04566,83.82735,-5.379788,-0.489112,0.412414,72.42764,52.038178,141.100529,5525.887241,,,,,33.03707,,,-2.63807,7.8993,-0.77239,50,6.34799,2.79628,-132.06552,-4.58897,-4.70028,25.80122,-18.09992,SAN_MAI,NSH_N,GoodallPark,NECBL,NECL,20250707-GoodallPark-1,ed8ec4a0-5b85-11f0-a3f6-751f9244fc82,91.39459,39.58167,,6.95777,,,,1.24007,3.16529,-0.0616,cfeae2c4-35de-4b6b-a934-fd3562a3f69e,7/7/2025,58:41.4,2025-07-07T18:58:41.4560000-04:00,2025-07-07T22:58:41.4560000Z,,v3,,,,"Kea, Jaydon",1000069129,Right,NSH_N,b16a1b1f-aff3-4fa0-ac11-bf4104dec85b,54.01697,-132.84798,12.90061,6.47884,-4.04006,-9.04996,-0.85936,2.93882,-2.35014,333.821608,1.24007,-50.85433,-2.29629,1.9968,0.8917,-5.7044,11.17963,-10.00758,3.22695,3.16529,83.75136,-31.59991,4.31261,0.12917,-3.77234,7.22235,-6.04844,1.7126,-0.0616,41.03317,-7.63458,1.07272,0.02979,-0.6428,1.09515,-0.75459,0.11746,,,,,,,,,,,,,,,,,,,,,,,High,High,High,High,Undefined,,,
29,7/7/2025,00:22.4,9,2,"McNaught, Ray",1000145668,Right,NSH_N,"King, Trey",812837,Left,SAN_MAI,Undefined,1,Bottom,2,1,0,Fastball,Four-Seam,BallCalled,Undefined,Undefined,Undefined,0,0,,90.21889,-2.369954,-3.118819,2436.146487,185.738253,12:15,6.40755,0.7786,6.40008,-20.82064,13.15509,1.20717,2.48855,-1.99179,82.16985,-6.310942,-2.900524,0.419523,,,,,,,,,,,,-1.55272,7.91075,-0.5553,50,6.22768,7.07728,-130.78972,-6.0249,-2.67193,29.27045,-18.56107,SAN_MAI,NSH_N,GoodallPark,NECBL,NECL,20250707-GoodallPark-1,2995e500-5b86-11f0-a3f6-751f9244fc82,89.84592,,,8.04904,,,,,,,cfeae2c4-35de-4b6b-a934-fd3562a3f69e,7/7/2025,00:22.4,2025-07-07T19:00:22.4160000-04:00,2025-07-07T23:00:22.4160000Z,,v3,,,,"Kea, Jaydon",1000069129,Right,NSH_N,ca93641c-a7a8-46f3-a530-83344d0c768b,54.09701,-131.70343,14.63523,6.40671,-5.4455,-9.28054,-0.77752,7.16069,-1.33596,,,,,,,,,,,,,,,,,,,,,,,,,,,,,,,,,,,,,,,,,,,,,,,,,,,High,High,High,,,,,
30,7/7/2025,00:46.0,9,3,"McNaught, Ray",1000145668,Right,NSH_N,"King, Trey",812837,Left,SAN_MAI,Undefined,1,Bottom,2,2,0,Fastball,Four-Seam,InPlay,Undefined,LineDrive,Single,0,2,,90.58237,-2.150043,-1.608414,2412.274522,196.584695,12:30,6.37291,0.76293,6.3787,-17.96737,15.69213,4.33457,2.89589,-0.35598,82.36921,-5.584282,-0.823386,0.417566,80.51988,18.376783,-5.028938,2469.164806,108.98365,26.46516,-14.91817,237.22441,235.44834,-11.40427,2.812245,-2.74949,9.17477,-0.64893,50,6.20942,3.51925,-131.49826,-5.43686,-4.77757,29.8701,-16.23181,SAN_MAI,NSH_N,GoodallPark,NECBL,NECL,20250707-GoodallPark-1,37fd7c70-5b86-11f0-a3f6-751f9244fc82,90.26698,27.07596,,8.21316,,,,0.89594,2.82876,0.36362,cfeae2c4-35de-4b6b-a934-fd3562a3f69e,7/7/2025,00:46.0,2025-07-07T19:00:45.9990000-04:00,2025-07-07T23:00:45.9990000Z,LineDrive,v3,,,,"Kea, Jaydon",1000069129,Right,NSH_N,c3ca48de-92f5-4552-80b5-8f4d822b6cd1,54.12003,-132.43082,14.93505,6.37125,-4.93009,-8.1159,-0.76113,3.66841,-2.38879,137.563072,0.89595,111.64116,-16.41763,3.34335,-0.63631,0.10042,-0.01136,0.0006,2.00E-05,2.82874,37.23169,-14.98034,0.57222,-0.04919,0.01243,-0.00457,0.00146,-0.00017,0.36362,-9.82409,-4.57739,1.30643,-0.32716,0.06952,-0.01215,0.00151,-9.00E-05,,,,,,,,,,,,,,,,,,,,,,,High,High,High,High,High,,,
36,7/7/2025,04:08.8,10,6,"McNaught, Ray",1000145668,Right,NSH_N,"Sencaj, Brendan",10103630,Right,SAN_MAI,Undefined,1,Bottom,2,2,2,Fastball,Four-Seam,BallCalled,Undefined,Undefined,Undefined,0,0,,89.49223,-4.539577,-3.163794,2385.544833,214.019562,1:15,6.36582,0.76269,6.43736,-22.17391,12.1289,7.4641,0.33111,-1.5257,82.48324,-8.682311,-1.811391,0.421538,,,,,,,,,,,,-4.79689,7.91008,-0.54107,50,6.03205,6.88285,-129.61435,-10.96037,-8.18188,26.41995,-18.68209,SAN_MAI,NSH_N,GoodallPark,NECBL,NECL,20250707-GoodallPark-1,b0986cd0-5b86-11f0-a3f6-751f9244fc82,89.41657,,,7.00899,,,,,,,cfeae2c4-35de-4b6b-a934-fd3562a3f69e,7/7/2025,04:08.8,2025-07-07T19:04:08.7730000-04:00,2025-07-07T23:04:08.7730000Z,,v3,,,,"Kea, Jaydon",1000069129,Right,NSH_N,09cf31f6-1893-4196-ab18-705042a407be,54.06378,-130.44006,13.20998,6.36547,-10.37649,-9.34104,-0.76017,7.13856,-4.09094,,,,,,,,,,,,,,,,,,,,,,,,,,,,,,,,,,,,,,,,,,,,,,,,,,,High,High,High,,,,,
37,7/7/2025,04:38.2,10,7,"McNaught, Ray",1000145668,Right,NSH_N,"Sencaj, Brendan",10103630,Right,SAN_MAI,Undefined,1,Bottom,2,3,2,Fastball,Four-Seam,InPlay,Undefined,GroundBall,Single,0,2,,89.0421,-1.438993,-2.51226,2484.473795,211.73263,1:00,6.35322,0.92474,6.41428,-22.84761,11.90331,6.64658,3.12473,-0.83258,81.09701,-5.761903,-1.308515,0.424282,79.16234,6.853111,19.197481,2082.23977,,,,89.93255,89.32248,21.966083,0.848732,-4.21095,6.98819,-0.74798,50,6.23985,5.4093,-129.25907,-3.9198,-7.08145,28.4569,-20.42219,SAN_MAI,NSH_N,GoodallPark,NECBL,NECL,20250707-GoodallPark-1,c22c8c10-5b86-11f0-a3f6-751f9244fc82,88.83819,5.247,,7.94509,,,,0.65833,3.01921,0.81287,cfeae2c4-35de-4b6b-a934-fd3562a3f69e,7/7/2025,04:38.2,2025-07-07T19:04:38.1640000-04:00,2025-07-07T23:04:38.1640000Z,GroundBall,v3,,,,"Kea, Jaydon",1000069129,Right,NSH_N,234de27b-a4c0-41b6-8743-2e1a1fb5c9a7,54.08423,-130.15513,14.22845,6.35315,-3.27675,-10.2111,-0.92182,5.63228,-3.54073,305.256274,0.65833,108.8647,-14.75178,1.90921,-0.43255,0.085,-0.01634,0.00305,-0.00032,3.01921,13.8541,-22.25741,2.36386,-0.44053,0.10238,-0.0195,0.00346,-0.00043,0.81287,37.90534,0.9341,-0.04391,0.02083,-0.00321,0.00063,-0.00018,3.00E-05,,,,,,,,,,,,,,,,,,,,,,,High,High,High,High,High,,,
2,7/12/2025,48:08.7,4,2,"McNaught, Ray",1000145668,Right,NSH_N,"Gamester, Dennis",1000120852,Right,MYS_SCH,Undefined,7,Top,1,1,0,Fastball,Four-Seam,FoulBallNotFieldable,Undefined,Undefined,Undefined,0,0,,91.23869,-1.252517,-1.309675,2436.061619,195.670454,12:30,6.21346,0.86518,6.50957,-14.32402,18.8558,4.95851,3.86989,0.07631,82.31069,-4.055294,-0.409526,0.41458,81.76108,74.03619,-156.626427,2167.480536,,,,,17.27485,,,-3.01795,10.62583,-0.77581,50,6.11959,2.8298,-132.4726,-3.23371,-5.28553,32.10996,-13.56425,NSH_N,MYS_SCH,FraserField,NECBL,NECL,20250712-FraserField-2,4840eb90-5f72-11f0-8d66-83f8754bc779,90.91718,53.68502,,8.928,,,,0.81995,3.87531,-0.08889,9608451c-0c2e-4ab5-9d4d-ca90429f4a05,7/12/2025,48:08.7,2025-07-12T18:48:08.6770000-04:00,2025-07-12T22:48:08.6770000Z,,v3,,,,"Kea, Jaydon",1000069129,Right,NSH_N,1d414fe6-71c9-4394-8d7f-fc457e73184a,53.9863,-133.43534,16.05498,6.21045,-2.82702,-6.78213,-0.86303,2.98828,-2.64277,3.552788,0.81995,-30.27377,-6.94239,3.77205,-0.19083,-3.58727,7.99532,-8.82989,4.00908,3.87531,115.29169,-37.11371,5.96564,-0.78834,-1.43516,3.36212,-3.71442,1.68526,-0.08889,-13.08404,-0.05805,1.31932,-0.04227,-1.74372,3.89465,-4.30493,1.95512,,,,,,,,,,,,,,,,,,,,,,,High,High,High,High,Undefined,,,
3,7/12/2025,48:36.6,4,3,"McNaught, Ray",1000145668,Right,NSH_N,"Gamester, Dennis",1000120852,Right,MYS_SCH,Undefined,7,Top,1,1,1,Fastball,Four-Seam,BallCalled,Undefined,Undefined,StolenBase,0,0,,90.9222,-2.428717,0.243919,2517.455943,196.803063,12:30,6.14037,0.72605,6.36935,-15.17745,18.44029,5.205,2.63948,1.38424,82.15899,-5.370285,1.186753,0.417307,,,,,,,,,,,,-2.69103,10.82654,-0.74619,50,5.95803,-0.76226,-131.98382,-5.99396,-4.67165,32.23743,-13.37895,NSH_N,MYS_SCH,FraserField,NECBL,NECL,20250712-FraserField-2,58f929c0-5f72-11f0-8d66-83f8754bc779,90.32304,,,8.76321,,,,,,,9608451c-0c2e-4ab5-9d4d-ca90429f4a05,7/12/2025,48:36.6,2025-07-12T18:48:36.6030000-04:00,2025-07-12T22:48:36.6030000Z,,v3,,,,"Kea, Jaydon",1000069129,Right,NSH_N,f9098b7a-b184-4fc6-b18c-0e7ee7739459,54.12962,-132.98867,16.11872,6.13836,-5.57693,-6.68948,-0.7247,-0.61664,-2.33583,,,,,,,,,,,,,,,,,,,,,,,,,,,,,,,,,,,,,,,,,,,,,,,,,,,High,High,High,,,,,
5,7/12/2025,49:28.6,4,5,"McNaught, Ray",1000145668,Right,NSH_N,"Gamester, Dennis",1000120852,Right,MYS_SCH,Undefined,7,Top,1,3,1,Fastball,Cutter,BallCalled,Walk,Undefined,Undefined,0,0,,90.44256,-0.426851,-1.081092,2476.862621,169.781349,11:45,6.25812,0.7208,6.42958,-17.34895,16.45863,-2.75496,4.41999,-0.5025,81.72043,-3.775224,-1.580421,0.418484,,,,,,,,,,,,1.08516,9.04847,-0.64282,50,6.21962,2.59237,-131.31435,-1.43059,1.87204,30.91714,-16.56407,NSH_N,MYS_SCH,FraserField,NECBL,NECL,20250712-FraserField-2,77cba2b0-5f72-11f0-8d66-83f8754bc779,90.0691,,,8.72214,,,,,,,9608451c-0c2e-4ab5-9d4d-ca90429f4a05,7/12/2025,49:28.6,2025-07-12T18:49:28.5600000-04:00,2025-07-12T22:49:28.5600000Z,,v3,,,,"Kea, Jaydon",1000069129,Right,NSH_N,27348cef-311e-4639-a144-3957164e29b0,54.06414,-132.26777,15.45857,6.25586,-0.91979,-8.28203,-0.72187,2.53464,0.93602,,,,,,,,,,,,,,,,,,,,,,,,,,,,,,,,,,,,,,,,,,,,,,,,,,,High,High,High,,,,,
6,7/12/2025,49:59.6,5,1,"McNaught, Ray",1000145668,Right,NSH_N,"Belisario, Anthony",1000072333,Right,MYS_SCH,Undefined,7,Top,1,0,0,Fastball,Four-Seam,BallCalled,Undefined,Undefined,Undefined,0,0,,91.07634,-1.08411,-0.707753,2512.257465,193.586508,12:30,6.26617,0.59455,6.55499,-17.10052,16.00399,3.59323,3.84693,0.24503,82.51035,-4.384124,-0.054628,0.414109,,,,,,,,,,,,-2.0891,9.05189,-0.54705,50,6.18383,1.48856,-132.2993,-2.94532,-3.66556,30.86641,-16.29155,NSH_N,MYS_SCH,FraserField,NECBL,NECL,20250712-FraserField-2,8a59d960-5f72-11f0-8d66-83f8754bc779,91.0205,,,8.56599,,,,,,,9608451c-0c2e-4ab5-9d4d-ca90429f4a05,7/12/2025,49:59.6,2025-07-12T18:49:59.6590000-04:00,2025-07-12T22:49:59.6590000Z,,v3,,,,"Kea, Jaydon",1000069129,Right,NSH_N,a96c50ad-9287-47ab-a780-51b8d89489c2,53.93986,-133.21533,15.4332,6.26406,-2.46183,-8.14577,-0.59284,1.59735,-1.83278,,,,,,,,,,,,,,,,,,,,,,,,,,,,,,,,,,,,,,,,,,,,,,,,,,,High,High,High,,,,,
7,7/12/2025,50:18.5,5,2,"McNaught, Ray",1000145668,Right,NSH_N,"Belisario, Anthony",1000072333,Right,MYS_SCH,Undefined,7,Top,1,1,0,Fastball,Four-Seam,BallCalled,Undefined,Undefined,Undefined,0,0,,91.22464,-0.092345,0.306162,2437.135009,188.960924,12:15,6.13874,0.69033,6.76563,-17.45296,15.39127,2.24469,4.59999,1.15698,82.26891,-3.481038,0.715755,0.412478,,,,,,,,,,,,-1.07591,8.485,-0.71097,50,6.12564,-0.79822,-132.53123,-0.64233,-1.88639,32.07907,-17.29711,NSH_N,MYS_SCH,FraserField,NECBL,NECL,20250712-FraserField-2,9584bc60-5f72-11f0-8d66-83f8754bc779,91.38046,,,8.95573,,,,,,,9608451c-0c2e-4ab5-9d4d-ca90429f4a05,7/12/2025,50:18.5,2025-07-12T18:50:18.4840000-04:00,2025-07-12T22:50:18.4840000Z,,v3,,,,"Kea, Jaydon",1000069129,Right,NSH_N,22f4986e-537e-4055-aff2-fc05a1f8f0cb,53.72798,-133.43054,16.03954,6.13685,-0.15742,-8.64855,-0.68933,-0.74533,-0.94319,,,,,,,,,,,,,,,,,,,,,,,,,,,,,,,,,,,,,,,,,,,,,,,,,,,High,High,High,,,,,
8,7/12/2025,50:42.4,5,3,"McNaught, Ray",1000145668,Right,NSH_N,"Belisario, Anthony",1000072333,Right,MYS_SCH,Undefined,7,Top,1,2,0,Fastball,Four-Seam,BallCalled,Undefined,Undefined,Undefined,0,0,,90.40447,-0.952315,-0.85321,2472.973749,193.94758,12:30,6.26393,0.77223,6.38267,-15.13942,18.68367,4.35158,4.12611,0.34994,81.84293,-3.893701,-0.064971,0.418579,,,,,,,,,,,,-2.5065,10.33879,-0.71258,50,6.18799,1.7739,-131.27537,-2.54999,-4.332,30.27833,-14.30544,NSH_N,MYS_SCH,FraserField,NECBL,NECL,20250712-FraserField-2,a3cd0c00-5f72-11f0-8d66-83f8754bc779,90.04847,,,8.56154,,,,,,,9608451c-0c2e-4ab5-9d4d-ca90429f4a05,7/12/2025,50:42.4,2025-07-12T18:50:42.4130000-04:00,2025-07-12T22:50:42.4130000Z,,v3,,,,"Kea, Jaydon",1000069129,Right,NSH_N,227eacdf-ae51-46e3-a050-0d4b6d12b464,54.11151,-132.22028,15.13917,6.2606,-2.10356,-7.15272,-0.77005,1.90909,-2.166,,,,,,,,,,,,,,,,,,,,,,,,,,,,,,,,,,,,,,,,,,,,,,,,,,,High,High,High,,,,,
9,7/12/2025,50:59.4,5,4,"McNaught, Ray",1000145668,Right,NSH_N,"Belisario, Anthony",1000072333,Right,MYS_SCH,Undefined,7,Top,1,3,0,Fastball,Four-Seam,BallCalled,Walk,Undefined,Undefined,0,1,,90.28464,-1.153839,0.297238,2468.026398,194.038477,12:30,6.21482,0.56383,6.38928,-16.23989,17.41277,4.08425,3.80006,1.17758,82.38534,-4.275994,1.037233,0.417524,,,,,,,,,,,,-2.02976,9.71623,-0.58685,50,6.12407,-0.84784,-131.20857,-3.06471,-3.5316,28.26089,-15.26868,NSH_N,MYS_SCH,FraserField,NECBL,NECL,20250712-FraserField-2,adeee370-5f72-11f0-8d66-83f8754bc779,90.27617,,,7.8993,,,,,,,9608451c-0c2e-4ab5-9d4d-ca90429f4a05,7/12/2025,50:59.4,2025-07-12T18:50:59.3890000-04:00,2025-07-12T22:50:59.3890000Z,,v3,,,,"Kea, Jaydon",1000069129,Right,NSH_N,c071d62b-bbda-4903-a80f-134ffa0acaea,54.10627,-132.09006,14.13045,6.21223,-2.58846,-7.63434,-0.56212,-0.73769,-1.7658,,,,,,,,,,,,,,,,,,,,,,,,,,,,,,,,,,,,,,,,,,,,,,,,,,,High,High,High,,,,,
10,7/12/2025,51:53.2,6,1,"McNaught, Ray",1000145668,Right,NSH_N,"Mendez, David",830728,Right,MYS_SCH,Undefined,7,Top,1,0,0,Fastball,Four-Seam,BallCalled,Undefined,Undefined,Undefined,0,0,,91.29982,-1.416542,-1.6547,2503.638194,188.53175,12:15,6.35681,0.75081,6.51202,-14.22965,18.45714,2.61567,3.87033,-0.55006,83.51737,-4.170683,-1.179999,0.411488,,,,,,,,,,,,-1.81756,10.35567,-0.63643,50,6.25134,3.72752,-132.68633,-3.62582,-3.24368,28.11179,-13.69308,NSH_N,MYS_SCH,FraserField,NECBL,NECL,20250712-FraserField-2,ce1af8f0-5f72-11f0-8d66-83f8754bc779,91.60023,,,7.78245,,,,,,,9608451c-0c2e-4ab5-9d4d-ca90429f4a05,7/12/2025,51:53.2,2025-07-12T18:51:53.2220000-04:00,2025-07-12T22:51:53.2220000Z,,v3,,,,"Kea, Jaydon",1000069129,Right,NSH_N,cbdf05b6-836c-4c9d-8ae5-0a8438f187a9,53.98429,-133.5278,14.0559,6.35373,-3.21594,-6.84654,-0.74946,3.82461,-1.62184,,,,,,,,,,,,,,,,,,,,,,,,,,,,,,,,,,,,,,,,,,,,,,,,,,,High,High,High,,,,,
11,7/12/2025,52:10.3,6,2,"McNaught, Ray",1000145668,Right,NSH_N,"Mendez, David",830728,Right,MYS_SCH,Undefined,7,Top,1,1,0,Fastball,Four-Seam,BallCalled,Undefined,Undefined,Undefined,0,0,,90.97338,-0.842578,-0.928501,2472.018277,189.937084,12:15,6.26546,0.57,6.65696,-16.07091,16.81808,2.7578,4.15501,-0.04994,82.77307,-3.953159,-0.426353,0.412759,,,,,,,,,,,,-1.70949,9.40465,-0.50852,50,6.20184,2.03239,-132.22492,-2.33694,-3.01195,29.45726,-15.60419,NSH_N,MYS_SCH,FraserField,NECBL,NECL,20250712-FraserField-2,d83b97e0-5f72-11f0-8d66-83f8754bc779,91.31823,,,8.20031,,,,,,,9608451c-0c2e-4ab5-9d4d-ca90429f4a05,7/12/2025,52:10.3,2025-07-12T18:52:10.3340000-04:00,2025-07-12T22:52:10.3340000Z,,v3,,,,"Kea, Jaydon",1000069129,Right,NSH_N,7beea856-745e-4638-a7fe-3689330ca7b3,53.838,-133.07721,14.72863,6.26293,-1.88547,-7.80209,-0.56858,2.11953,-1.50597,,,,,,,,,,,,,,,,,,,,,,,,,,,,,,,,,,,,,,,,,,,,,,,,,,,High,High,High,,,,,
14,7/12/2025,53:22.3,6,5,"McNaught, Ray",1000145668,Right,NSH_N,"Mendez, David",830728,Right,MYS_SCH,Undefined,7,Top,1,3,1,Fastball,Four-Seam,InPlay,Undefined,GroundBall,Out,2,0,,90.52349,-2.316946,-1.712858,2506.197847,188.867812,12:15,6.16437,0.64668,6.53605,-14.7782,18.93627,2.76595,2.80559,-0.69436,81.77491,-5.197898,-1.210635,0.417907,95.9862,3.127365,9.635493,1253.801894,,,,95.97761,93.79584,12.195838,0.746738,-1.99638,11.02308,-0.52906,50,5.99707,3.81781,-131.33842,-5.6631,-3.43799,31.47341,-13.19098,NSH_N,MYS_SCH,FraserField,NECBL,NECL,20250712-FraserField-2,03333250-5f73-11f0-8d66-83f8754bc779,90.19337,3.71735,,8.74857,,,,0.81596,2.79256,0.70016,9608451c-0c2e-4ab5-9d4d-ca90429f4a05,7/12/2025,53:22.3,2025-07-12T18:53:22.2640000-04:00,2025-07-12T22:53:22.2640000Z,GroundBall,v3,,,,"Kea, Jaydon",1000069129,Right,NSH_N,b5eb1d9f-2e31-4fba-a90d-8084fb439cea,53.95963,-132.28389,15.73671,6.16124,-5.26684,-6.59549,-0.6453,3.92108,-1.71899,263.031532,0.87401,137.53127,-17.60306,,,,,,,2.81407,7.29135,-14.84691,,,,,,,0.67711,23.95196,3.10866,,,,,,,,,,,,,,,,,,,,,,,,,,,,,High,High,High,High,High,,,
1,7/19/2025,38:09.6,1,1,"McNaught, Ray",1000145668,Right,NSH_N,"Tuupo, Chandler",1000136826,Left,KEE_SWA,Undefined,6,Top,0,0,0,Fastball,Four-Seam,BallCalled,Undefined,Undefined,Undefined,0,0,,91.25942,-1.445767,-1.640679,2439.715391,198.634542,12:30,6.19178,1.03098,6.75656,-15.07245,17.61304,5.56551,3.61439,-0.00419,82.80066,-4.382524,-0.625711,0.41148,,,,,,,,,,,,-3.41484,10.05634,-0.92529,50,6.09076,3.57745,-132.57143,-3.69185,-6.02688,30.53704,-14.42559,NSH_N,KEE_SWA,FraserField,NECBL,NECL,20250719-FraserField-1,0c6ef6a0-64f1-11f0-9128-839ba8810e18,91.60208,,,8.45876,,,,,,,dc739713-8529-4a29-9162-7418c64b6784,7/19/2025,38:09.6,2025-07-19T18:38:09.6440000-04:00,2025-07-19T22:38:09.6440000Z,,v3,,,,"Sengenberger, Aidan",10034113,Right,NSH_N,763f237d-ec5b-4ba4-8ad0-8bd8bd992681,53.73859,-133.42982,15.26852,6.18884,-3.28635,-7.21279,-1.02823,3.74686,-3.01344,,,,,,,,,,,,,,,,,,,,,,,,,,,,,,,,,,,,,,,,,,,,,,,,,,,High,High,High,,,,,
2,7/19/2025,38:26.4,1,2,"McNaught, Ray",1000145668,Right,NSH_N,"Tuupo, Chandler",1000136826,Left,KEE_SWA,Undefined,6,Top,0,1,0,Fastball,Four-Seam,FoulBallNotFieldable,Undefined,Undefined,Undefined,0,0,,91.2362,-2.060009,-2.464545,2464.614574,223.892422,1:30,6.16452,0.96595,6.47818,-23.03048,9.98012,8.55209,2.35118,-0.58579,83.21282,-6.40456,-0.912931,0.413521,55.03679,54.451892,-132.113146,4972.520819,,,,125.75041,55.85186,-138.883569,3.197076,-5.22752,6.1589,-0.79623,50,6.00931,5.36519,-132.45269,-5.46428,-9.23228,29.83533,-21.29684,NSH_N,KEE_SWA,FraserField,NECBL,NECL,20250719-FraserField-1,166db5b0-64f1-11f0-9128-839ba8810e18,91.1499,49.21482,,8.02338,,,,1.66073,2.41482,0.55457,dc739713-8529-4a29-9162-7418c64b6784,7/19/2025,38:26.4,2025-07-19T18:38:26.3530000-04:00,2025-07-19T22:38:26.3530000Z,Popup,v3,,,,"Sengenberger, Aidan",10034113,Right,NSH_N,73554f4e-464a-4766-881b-5695e51b6f9e,54.01991,-133.35511,14.91766,6.16484,-4.82012,-10.64842,-0.96273,5.64444,-4.61614,20.806667,1.66112,-31.48677,-1.59392,0.88186,0.09143,-0.22076,0.10507,-0.02206,0.00174,2.41514,65.66537,-26.2783,2.82643,-0.49233,0.06802,-0.02027,0.00667,-0.00078,0.55469,-34.82021,3.41974,-0.48139,0.3127,-0.24258,0.11136,-0.0248,0.0021,,,,,,,,,,,,,,,,,,,,,,,High,High,High,High,Low,,,
5,7/19/2025,39:28.5,1,5,"McNaught, Ray",1000145668,Right,NSH_N,"Tuupo, Chandler",1000136826,Left,KEE_SWA,Undefined,6,Top,0,2,1,Fastball,Four-Seam,BallCalled,Undefined,Undefined,Undefined,0,0,,90.91787,-0.944811,-1.614898,2478.702336,188.334208,12:15,6.3071,0.60201,6.3082,-17.91942,15.4682,2.10575,3.94303,-0.71054,82.76034,-4.368901,-1.234161,0.415876,,,,,,,,,,,,-1.56083,8.64028,-0.48461,50,6.22911,3.63591,-132.05073,-2.68317,-2.74336,29.32053,-16.98758,NSH_N,KEE_SWA,FraserField,NECBL,NECL,20250719-FraserField-1,3b68b860-64f1-11f0-9128-839ba8810e18,90.63378,,,8.15753,,,,,,,dc739713-8529-4a29-9162-7418c64b6784,7/19/2025,39:28.5,2025-07-19T18:39:28.5030000-04:00,2025-07-19T22:39:28.5030000Z,,v3,,,,"Sengenberger, Aidan",10034113,Right,NSH_N,03135028-7fef-4b7a-995f-a1d412f0ca9e,54.18771,-132.97731,14.66027,6.30542,-2.14633,-8.49379,-0.60088,3.7226,-1.37168,,,,,,,,,,,,,,,,,,,,,,,,,,,,,,,,,,,,,,,,,,,,,,,,,,,High,High,High,,,,,
6,7/19/2025,39:49.6,1,6,"McNaught, Ray",1000145668,Right,NSH_N,"Tuupo, Chandler",1000136826,Left,KEE_SWA,Undefined,6,Top,0,3,1,Fastball,Four-Seam,InPlay,Undefined,FlyBall,Out,1,0,,88.96437,-1.681486,-0.83246,2433.336315,203.547484,12:45,6.23112,0.89239,6.37354,-22.44674,12.46154,4.91394,2.81289,0.53592,80.8717,-5.933377,0.058105,0.425241,93.62021,26.79015,2.70991,2706.400348,109.99994,50.69413,0.06736,341.93919,336.16319,-3.106923,4.488811,-2.82205,7.36418,-0.83453,50,6.09937,1.68409,-129.20519,-4.4499,-4.72718,29.20403,-19.83847,NSH_N,KEE_SWA,FraserField,NECBL,NECL,20250719-FraserField-1,4814e430-64f1-11f0-9128-839ba8810e18,88.63773,66.26657,,8.09267,,,,1.84134,2.88829,-0.54699,dc739713-8529-4a29-9162-7418c64b6784,7/19/2025,39:49.6,2025-07-19T18:39:49.6110000-04:00,2025-07-19T22:39:49.6110000Z,FlyBall,v3,,,,"Sengenberger, Aidan",10034113,Right,NSH_N,433be7c9-a234-4f31-91f9-ca093069c365,54.12329,-130.13383,14.60201,6.23084,-3.81907,-9.91924,-0.89048,1.83441,-2.36359,153.5394,1.8425,122.40894,-23.15867,5.59636,-1.09909,0.17665,-0.02631,0.0035,-0.00023,2.88907,61.86512,-15.57351,-0.37244,0.66369,-0.31386,0.08759,-0.01273,0.00073,-0.5465,5.7829,-7.08498,2.62553,-0.6925,0.13573,-0.01987,0.00204,-0.0001,,,,,,,,,,,,,,,,,,,,,,,High,High,High,High,Medium,,,
8,7/19/2025,40:48.1,2,2,"McNaught, Ray",1000145668,Right,NSH_N,"Thompson, Zack",1000220619,Right,KEE_SWA,Undefined,6,Top,1,0,1,Fastball,Cutter,BallCalled,Undefined,Undefined,Undefined,0,0,,90.90084,-0.09917,-0.992825,2444.084269,175.890782,11:45,6.37335,0.87205,6.45904,-23.85489,9.57182,-0.60437,4.29434,-0.09038,82.20174,-4.624152,-1.102476,0.41612,,,,,,,,,,,,0.0015,5.38807,-0.8017,50,6.35586,2.31265,-132.00343,-0.95277,0.00261,31.30808,-22.78337,NSH_N,KEE_SWA,FraserField,NECBL,NECL,20250719-FraserField-1,6ad58740-64f1-11f0-9128-839ba8810e18,90.58078,,,8.6991,,,,,,,dc739713-8529-4a29-9162-7418c64b6784,7/19/2025,40:48.1,2025-07-19T18:40:48.0830000-04:00,2025-07-19T22:40:48.0830000Z,,v3,,,,"Sengenberger, Aidan",10034113,Right,NSH_N,195fae23-4cd4-4b56-9056-545867f86b24,54.03513,-132.95702,15.65404,6.37431,-0.25882,-11.39168,-0.87213,2.31258,0.00131,,,,,,,,,,,,,,,,,,,,,,,,,,,,,,,,,,,,,,,,,,,,,,,,,,,High,High,High,,,,,
9,7/19/2025,41:07.3,2,3,"McNaught, Ray",1000145668,Right,NSH_N,"Thompson, Zack",1000220619,Right,KEE_SWA,Undefined,6,Top,1,1,1,Fastball,Four-Seam,InPlay,Undefined,FlyBall,Out,1,0,,89.9588,-2.568284,-1.278559,2358.999027,185.707645,12:15,6.22288,0.79543,6.56604,-17.93603,15.83245,1.47205,2.37171,-0.25415,82.15504,-5.997475,-1.010934,0.418241,98.34899,36.154383,-16.378119,3294.592997,104.73974,75.80425,-33.60929,352.90469,352.39788,-21.000247,5.542886,-1.14654,9.40615,-0.70809,50,6.03834,2.85978,-130.65827,-6.33776,-1.97402,28.56716,-15.97949,NSH_N,KEE_SWA,FraserField,NECBL,NECL,20250719-FraserField-1,765eddf0-64f1-11f0-9128-839ba8810e18,90.12126,107.72592,,7.80377,,,,1.76269,2.44205,0.224,dc739713-8529-4a29-9162-7418c64b6784,7/19/2025,41:07.3,2025-07-19T18:41:07.2580000-04:00,2025-07-19T22:41:07.2580000Z,FlyBall,v3,,,,"Sengenberger, Aidan",10034113,Right,NSH_N,d9c2c7c6-394d-414a-89b4-835a6ffaf197,53.93151,-131.51505,14.28358,6.22123,-5.85851,-7.98974,-0.79474,2.91898,-0.98701,165.547061,1.76723,111.65942,-24.7493,6.09519,-1.18064,0.17916,-0.02129,0.00187,-9.00E-05,2.44264,85.07725,-19.60581,0.9941,0.1576,-0.13696,0.03718,-0.00467,0.00022,0.22335,-32.83064,3.35234,-0.40268,0.00335,0.00722,-0.00034,-0.00013,1.00E-05,,,,,,,,,,,,,,,,,,,,,,,High,High,High,High,Medium,,,
12,7/19/2025,42:30.2,3,3,"McNaught, Ray",1000145668,Right,NSH_N,"Bell, Andrew",827530,Right,KEE_SWA,Undefined,6,Top,2,1,1,Fastball,Four-Seam,BallCalled,Undefined,Undefined,Undefined,0,0,,92.68198,-0.932484,-1.510076,2569.727194,200.533787,12:45,6.29533,0.76523,6.48114,-13.57237,18.56985,6.53347,4.30774,-0.07716,83.6811,-3.590961,-0.324815,0.408046,,,,,,,,,,,,-3.83866,10.27957,-0.66146,50,6.22321,3.26692,-134.53739,-2.49823,-6.95331,32.37849,-13.5538,NSH_N,KEE_SWA,FraserField,NECBL,NECL,20250719-FraserField-1,a7afd620-64f1-11f0-9128-839ba8810e18,92.373,,,9.00088,,,,,,,dc739713-8529-4a29-9162-7418c64b6784,7/19/2025,42:30.2,2025-07-19T18:42:30.1740000-04:00,2025-07-19T22:42:30.1740000Z,,v3,,,,"Sengenberger, Aidan",10034113,Right,NSH_N,8c4f60c6-96c9-40ee-b270-b1036055c7d8,54.01211,-135.49953,16.18925,6.29146,-2.09548,-6.7769,-0.76161,3.47354,-3.47665,,,,,,,,,,,,,,,,,,,,,,,,,,,,,,,,,,,,,,,,,,,,,,,,,,,High,High,High,,,,,
14,7/19/2025,43:14.3,3,5,"McNaught, Ray",1000145668,Right,NSH_N,"Bell, Andrew",827530,Right,KEE_SWA,Undefined,6,Top,2,3,1,Fastball,Four-Seam,StrikeCalled,Undefined,Undefined,Undefined,0,0,,90.69383,-2.957501,-2.032867,2475.58145,205.448199,12:45,6.18278,0.74851,6.31853,-21.3408,12.30886,5.32359,1.67633,-0.68095,82.76349,-6.979048,-1.069568,0.417505,,,,,,,,,,,,-3.38508,7.61985,-0.60238,50,5.95612,4.45766,-131.56789,-7.44492,-5.89863,29.44318,-18.89609,NSH_N,KEE_SWA,FraserField,NECBL,NECL,20250719-FraserField-1,c21dbc70-64f1-11f0-9128-839ba8810e18,90.28019,,,7.93034,,,,,,,dc739713-8529-4a29-9162-7418c64b6784,7/19/2025,43:14.3,2025-07-19T18:43:14.3280000-04:00,2025-07-19T22:43:14.3280000Z,,v3,,,,"Sengenberger, Aidan",10034113,Right,NSH_N,5ba9cf1a-0680-4efa-adab-97e4194b16f3,54.17919,-132.49984,14.72159,6.1823,-6.84681,-9.44805,-0.74643,4.64437,-2.94931,,,,,,,,,,,,,,,,,,,,,,,,,,,,,,,,,,,,,,,,,,,,,,,,,,,High,High,High,,,,,
15,7/19/2025,43:35.7,3,6,"McNaught, Ray",1000145668,Right,NSH_N,"Bell, Andrew",827530,Right,KEE_SWA,Undefined,6,Top,2,3,2,Fastball,Cutter,InPlay,Undefined,FlyBall,Single,0,0,,90.10639,-1.636476,-1.132312,2475.042035,194.060318,12:30,6.27361,0.75138,6.43339,-22.78505,11.2078,2.51551,2.87021,-0.07974,81.82503,-5.951121,-0.675959,0.419629,73.98735,14.398871,-3.567186,1557.36282,109.91505,14.6744,-4.31928,176.9251,176.9251,-1.485826,2.036644,-1.66228,6.70717,-0.67195,50,6.14697,2.48594,-130.847,-4.41463,-2.85261,30.22131,-20.66389,NSH_N,KEE_SWA,FraserField,NECBL,NECL,20250719-FraserField-1,cecfdbb0-64f1-11f0-9128-839ba8810e18,89.82331,15.36553,,8.28136,,,,0.44671,2.77366,0.07616,dc739713-8529-4a29-9162-7418c64b6784,7/19/2025,43:35.7,2025-07-19T18:43:35.7220000-04:00,2025-07-19T22:43:35.7220000Z,LineDrive,v3,,,,"Sengenberger, Aidan",10034113,Right,NSH_N,4a56f404-d1d6-4be0-a870-44692a5209e7,54.06288,-131.78204,15.11065,6.27366,-3.77529,-10.33195,-0.75023,2.5742,-1.42631,206.980148,0.44671,104.90237,-12.56252,2.46855,-0.47181,0.08366,-0.01468,0.00208,-0.00015,2.77366,26.98418,-15.02241,0.68372,-0.09623,0.01423,-0.00073,0.00016,-3.00E-05,0.07616,-6.53962,2.96617,-0.61099,0.12152,-0.02264,0.00402,-0.00057,4.00E-05,,,,,,,,,,,,,,,,,,,,,,,High,High,High,High,High,,,
16,7/19/2025,44:14.2,4,1,"McNaught, Ray",1000145668,Right,NSH_N,"Lipsey, Marshall",702587,Right,KEE_SWA,Undefined,6,Top,2,0,0,Fastball,Four-Seam,BallCalled,Undefined,Undefined,Undefined,0,0,,90.29028,-1.078395,-1.249721,2449.919979,182.470137,12:00,6.24488,0.97025,6.37255,-19.4645,14.28083,0.56862,3.63028,-0.13238,82.28561,-4.784505,-1.146745,0.418098,,,,,,,,,,,,-0.65713,8.08406,-0.88033,50,6.15787,2.83841,-131.17238,-3.02463,-1.14025,28.80304,-18.14656,NSH_N,KEE_SWA,FraserField,NECBL,NECL,20250719-FraserField-1,e5b3ff00-64f1-11f0-9128-839ba8810e18,90.15216,,,8.00467,,,,,,,dc739713-8529-4a29-9162-7418c64b6784,7/19/2025,44:14.2,2025-07-19T18:44:14.2090000-04:00,2025-07-19T22:44:14.2090000Z,,v3,,,,"Sengenberger, Aidan",10034113,Right,NSH_N,86bce83e-6b00-42b6-a12b-36355b3f1a3c,54.12331,-132.07468,14.40152,6.24372,-2.45616,-9.07328,-0.9698,2.87413,-0.57012,,,,,,,,,,,,,,,,,,,,,,,,,,,,,,,,,,,,,,,,,,,,,,,,,,,High,High,High,,,,,
17,7/19/2025,44:34.5,4,2,"McNaught, Ray",1000145668,Right,NSH_N,"Lipsey, Marshall",702587,Right,KEE_SWA,Undefined,6,Top,2,1,0,Fastball,Four-Seam,StrikeSwinging,Undefined,Undefined,Undefined,0,0,,90.02759,-3.493293,-1.819161,2440.57165,187.159352,12:15,6.20678,0.82377,6.64734,-21.12832,12.73024,1.45303,1.24318,-0.72074,81.98296,-7.499699,-1.554539,0.418799,,,,,,,,,,,,-1.33083,8.13666,-0.70179,50,5.96247,4.09312,-130.58508,-8.56042,-2.27492,30.07404,-18.26511,NSH_N,KEE_SWA,FraserField,NECBL,NECL,20250719-FraserField-1,f1d8ab50-64f1-11f0-9128-839ba8810e18,90.00127,,,8.04462,,,,,,,dc739713-8529-4a29-9162-7418c64b6784,7/19/2025,44:34.5,2025-07-19T18:44:34.4740000-04:00,2025-07-19T22:44:34.4740000Z,,v3,,,,"Sengenberger, Aidan",10034113,Right,NSH_N,1f12269c-7ab9-4116-af7a-920e5c428a2d,53.85048,-131.46887,15.03702,6.20615,-8.02366,-9.13255,-0.82305,4.15997,-1.13746,,,,,,,,,,,,,,,,,,,,,,,,,,,,,,,,,,,,,,,,,,,,,,,,,,,High,High,High,,,,,
18,7/19/2025,44:58.3,4,3,"McNaught, Ray",1000145668,Right,NSH_N,"Lipsey, Marshall",702587,Right,KEE_SWA,Undefined,6,Top,2,1,1,Fastball,Cutter,InPlay,Undefined,GroundBall,Out,1,0,,89.65269,-1.394148,-0.650206,2390.264817,177.966849,12:00,6.32292,0.72029,6.20983,-23.57926,11.2165,-0.35398,3.07096,0.09068,80.99909,-5.850361,-0.714165,0.424556,59.63764,-26.921815,21.880955,,,,,6.9855,6.9855,17.864845,0.07625,-0.0263,6.62457,-0.67136,50,6.20667,1.49106,-130.10117,-3.89317,-0.0444,31.1725,-20.99252,NSH_N,KEE_SWA,FraserField,NECBL,NECL,20250719-FraserField-1,00116a90-64f2-11f0-9128-839ba8810e18,88.78092,3.03809,,8.6536,,,,1.09692,3.03809,-0.08669,dc739713-8529-4a29-9162-7418c64b6784,7/19/2025,44:58.3,2025-07-19T18:44:58.2860000-04:00,2025-07-19T22:44:58.2860000Z,GroundBall,v3,,,,"Sengenberger, Aidan",10034113,Right,NSH_N,e39fce9d-ebff-4d86-b330-2f8c74789128,54.28557,-131.12398,15.58625,6.32311,-3.20438,-10.49626,-0.72031,1.49251,-0.0222,,1.09153,72.81024,,,,,,,,3.04104,-39.84396,,,,,,,,-0.08885,29.24142,,,,,,,,,,,,,,,,,,,,,,,,,,,,,,High,High,High,Estimated,Estimated,,,
19,7/19/2025,48:14.8,5,1,"McNaught, Ray",1000145668,Right,NSH_N,"Herring, Jack",801937,Left,KEE_SWA,Undefined,6,Top,0,0,0,Fastball,Four-Seam,Undefined,Undefined,Undefined,Undefined,0,0,,89.73902,-1.32018,0.399965,2271.865625,199.317517,12:45,5.63714,0.56993,6.04935,-12.44473,22.94615,7.54831,3.37773,1.56922,79.85044,-3.802947,1.758409,0.428171,,,,,,,,,,,,-3.675,12.5806,-0.60468,50,5.52746,-1.24366,-129.97192,-3.2368,-6.11646,34.09845,-11.23559,NSH_N,KEE_SWA,FraserField,NECBL,NECL,20250719-FraserField-1,74c339e0-64f2-11f0-bfb0-ab5b7189d7db,88.03132,,,9.88859,,,,,,,dc739713-8529-4a29-9162-7418c64b6784,7/19/2025,48:14.8,2025-07-19T18:48:14.7550000-04:00,2025-07-19T22:48:14.7550000Z,,v3,,,,"Sengenberger, Aidan",10034113,Right,NSH_N,cb2268a5-a860-49bc-8fe1-b91c9af857f9,54.44081,-131.13181,17.04922,5.63107,-2.85462,-5.6178,-0.56591,-1.0356,-3.05823,,,,,,,,,,,,,,,,,,,,,,,,,,,,,,,,,,,,,,,,,,,,,,,,,,,High,High,High,,,,,
20,7/19/2025,48:31.8,5,2,"McNaught, Ray",1000145668,Right,NSH_N,"Herring, Jack",801937,Left,KEE_SWA,Undefined,6,Top,0,0,0,Fastball,Four-Seam,Undefined,Undefined,Undefined,Undefined,0,0,,89.97184,-3.027081,-0.694517,2288.70931,186.7856,12:15,5.5536,0.52474,6.25343,-13.3091,21.55064,2.40158,1.65027,0.08439,80.50656,-5.651587,-0.260526,0.424946,,,,,,,,,,,,-1.47843,12.58477,-0.47428,50,5.32201,1.47834,-130.29774,-7.17768,-2.48181,33.38426,-11.0482,NSH_N,KEE_SWA,FraserField,NECBL,NECL,20250719-FraserField-1,7f104000-64f2-11f0-bfb0-ab5b7189d7db,88.69941,,,9.46529,,,,,,,dc739713-8529-4a29-9162-7418c64b6784,7/19/2025,48:31.8,2025-07-19T18:48:31.7850000-04:00,2025-07-19T22:48:31.7850000Z,,v3,,,,"Sengenberger, Aidan",10034113,Right,NSH_N,8bc1c316-d894-40d0-b0f9-32f2f1a0a41d,54.2396,-131.3795,16.69213,5.54879,-6.81968,-5.5241,-0.52349,1.55876,-1.24091,,,,,,,,,,,,,,,,,,,,,,,,,,,,,,,,,,,,,,,,,,,,,,,,,,,High,High,High,,,,,
21,7/19/2025,48:50.0,5,3,"McNaught, Ray",1000145668,Right,NSH_N,"Herring, Jack",801937,Left,KEE_SWA,Undefined,6,Top,0,0,0,Fastball,Four-Seam,Undefined,Undefined,Undefined,Undefined,0,0,,90.59034,-1.768694,-1.913794,2299.677717,183.751282,12:15,5.60482,0.61403,6.1226,-12.21009,22.26773,1.37327,2.95084,-1.04137,81.0624,-4.192972,-1.666518,0.422612,103.32099,25.82507,54.103919,3791.389027,58.4145,45.30988,93.20781,346.98884,239.07102,69.822334,4.278755,-1.37598,12.52241,-0.4683,50,5.4633,4.3297,-131.28192,-4.32687,-2.34609,33.76221,-10.8233,NSH_N,KEE_SWA,FraserField,NECBL,NECL,20250719-FraserField-1,89ed5120-64f2-11f0-bfb0-ab5b7189d7db,89.18933,60.81374,,9.52793,,,,3.10114,3.10333,1.27911,dc739713-8529-4a29-9162-7418c64b6784,7/19/2025,48:50.0,2025-07-19T18:48:49.9790000-04:00,2025-07-19T22:48:49.9790000Z,FlyBall,v3,,,,"Sengenberger, Aidan",10034113,Right,NSH_N,ffe9c24b-d459-4fc0-b8a3-105c9face30f,54.37323,-132.40182,16.88111,5.60087,-3.96785,-5.41165,-0.61321,4.40753,-1.17304,,3.10343,79.90994,-23.93405,5.17916,-0.65229,-0.15156,0.08201,-0.01311,0.00075,3.10189,66.05082,-23.64168,3.87398,-1.13044,0.33513,-0.06861,0.00779,-0.00037,1.28113,110.4434,-7.18295,-1.59768,1.22047,-0.50436,0.11698,-0.0144,0.00074,,,,,,,,,,,,,,,,,,,,,,,High,High,High,Medium,Low,,,
23,7/19/2025,58:50.5,1,2,"McNaught, Ray",1000145668,Right,NSH_N,"Herring, Jack",801937,Left,KEE_SWA,Undefined,7,Top,0,1,0,Fastball,Four-Seam,BallCalled,Undefined,Undefined,Undefined,0,0,,89.60431,-0.946935,-1.083748,2394.923689,206.360636,1:00,6.2147,0.9257,6.53418,-17.77808,16.68056,7.64437,3.86438,0.56853,80.6466,-4.390693,0.305008,0.422494,,,,,,,,,,,,-4.31555,9.38965,-0.85328,50,6.14109,2.14844,-130.05678,-2.59597,-7.26843,31.51991,-16.35968,NSH_N,KEE_SWA,FraserField,NECBL,NECL,20250719-FraserField-1,f00b7a80-64f3-11f0-b9d2-830ef3f81fd3,89.2142,,,8.95771,,,,,,,dc739713-8529-4a29-9162-7418c64b6784,7/19/2025,58:50.5,2025-07-19T18:58:50.5330000-04:00,2025-07-19T22:58:50.5330000Z,,v3,,,,"Sengenberger, Aidan",10034113,Right,NSH_N,0bd76777-ec61-4bef-97aa-45af67a2f4d7,53.95912,-131.01278,15.75996,6.2123,-2.09978,-8.17984,-0.92178,2.36889,-3.63422,,,,,,,,,,,,,,,,,,,,,,,,,,,,,,,,,,,,,,,,,,,,,,,,,,,High,High,High,,,,,
24,7/19/2025,59:09.4,1,3,"McNaught, Ray",1000145668,Right,NSH_N,"Herring, Jack",801937,Left,KEE_SWA,Undefined,7,Top,0,2,0,Fastball,Four-Seam,StrikeCalled,Undefined,Undefined,Undefined,0,0,,89.52833,-2.23246,-0.966426,2412.148427,209.593468,1:00,6.1841,1.03919,6.84505,-16.52399,17.67895,9.31666,2.77016,0.93427,80.53811,-5.460375,0.736603,0.420924,,,,,,,,,,,,-5.21032,10.46099,-0.97994,50,6.03478,1.8287,-129.92902,-5.43066,-8.73696,32.06158,-14.63248,NSH_N,KEE_SWA,FraserField,NECBL,NECL,20250719-FraserField-1,fb466310-64f3-11f0-b9d2-830ef3f81fd3,89.547,,,8.99023,,,,,,,dc739713-8529-4a29-9162-7418c64b6784,7/19/2025,59:09.4,2025-07-19T18:59:09.4070000-04:00,2025-07-19T22:59:09.4070000Z,,v3,,,,"Sengenberger, Aidan",10034113,Right,NSH_N,86ae1f20-8209-486e-9c30-d8f99b475753,53.64843,-130.82622,16.03079,6.18102,-5.02119,-7.31624,-1.03454,2.07319,-4.36848,,,,,,,,,,,,,,,,,,,,,,,,,,,,,,,,,,,,,,,,,,,,,,,,,,,High,High,High,,,,,
25,7/19/2025,59:31.9,1,4,"McNaught, Ray",1000145668,Right,NSH_N,"Herring, Jack",801937,Left,KEE_SWA,Undefined,7,Top,0,2,1,Fastball,Four-Seam,InPlay,Undefined,FlyBall,Double,0,0,,89.99811,-2.668761,-0.893591,2406.734892,210.474561,1:00,6.23396,0.85493,6.48839,-16.13493,18.07729,9.90658,2.43724,0.86005,81.26101,-5.79387,0.905099,0.420981,93.49738,23.184423,-28.685922,4164.89552,91.69441,39.64703,-60.76253,300.2233,294.44431,-40.796892,3.646105,-5.48067,10.6941,-0.79632,50,6.03943,1.64445,-130.57061,-6.48699,-9.31342,31.50881,-14.0013,NSH_N,KEE_SWA,FraserField,NECBL,NECL,20250719-FraserField-1,08c3e8a0-64f4-11f0-b9d2-830ef3f81fd3,89.53485,46.52787,,8.7371,,,,0.9824,2.36163,-0.79901,dc739713-8529-4a29-9162-7418c64b6784,7/19/2025,59:31.9,2025-07-19T18:59:31.9320000-04:00,2025-07-19T22:59:31.9320000Z,LineDrive,v3,,,,"Sengenberger, Aidan",10034113,Right,NSH_N,d5d02577-275d-42c6-a04c-59d7316586b5,54.00771,-131.53418,15.7544,6.23126,-6.05882,-7.00065,-0.85096,1.92926,-4.65671,128.745118,0.98179,110.60216,-26.72917,7.28229,-1.95098,0.52205,-0.12108,0.01785,-0.00111,2.36208,53.97347,-17.62511,0.40963,0.36739,-0.19322,0.05271,-0.00685,0.00031,-0.79874,-60.51626,0.43109,1.42477,-0.55173,0.11048,-0.00885,-0.00082,0.00015,,,,,,,,,,,,,,,,,,,,,,,High,High,High,High,High,,,
26,7/19/2025,00:21.0,2,1,"McNaught, Ray",1000145668,Right,NSH_N,"Reese, Ripken",1000091387,Left,KEE_SWA,Undefined,7,Top,0,0,0,Fastball,Four-Seam,FoulBallNotFieldable,Undefined,Undefined,Undefined,0,0,,90.13175,-2.866507,-1.785592,2339.542879,193.520577,12:30,6.15193,1.09217,6.59139,-18.4354,15.47147,3.4326,1.98572,-0.25837,81.69816,-6.400992,-1.161374,0.419098,,,,,,,,,,,,-2.3687,9.39249,-0.97145,50,5.94799,3.94302,-130.75092,-7.0353,-4.04948,30.77116,-16.11684,NSH_N,KEE_SWA,FraserField,NECBL,NECL,20250719-FraserField-1,260fe8a0-64f4-11f0-b9d2-830ef3f81fd3,89.93711,,,8.43359,,,,,,,dc739713-8529-4a29-9162-7418c64b6784,7/19/2025,00:21.0,2025-07-19T19:00:21.0320000-04:00,2025-07-19T23:00:21.0320000Z,,v3,,,,"Sengenberger, Aidan",10034113,Right,NSH_N,f792cd3d-8ed9-4240-bb2f-2ebabaae3883,53.90497,-131.66671,15.38558,6.15023,-6.55564,-8.05842,-1.0906,4.06354,-2.02474,,,,,,,,,,,,,,,,,,,,,,,,,,,,,,,,,,,,,,,,,,,,,,,,,,,High,High,High,,,,,
29,7/19/2025,01:41.4,2,4,"McNaught, Ray",1000145668,Right,NSH_N,"Reese, Ripken",1000091387,Left,KEE_SWA,Undefined,7,Top,0,1,2,Fastball,Four-Seam,BallCalled,Undefined,Undefined,Undefined,0,0,,90.18428,-1.384166,-0.112027,2483.560784,193.567743,12:30,6.20906,1.1185,6.37245,-17.05792,16.50442,3.73725,3.51378,1.32686,82.78227,-4.639627,0.564991,0.416963,,,,,,,,,,,,-1.97295,9.28634,-1.11202,50,6.10097,0.10639,-131.13503,-3.63396,-3.44886,26.72421,-15.94097,NSH_N,KEE_SWA,FraserField,NECBL,NECL,20250719-FraserField-1,55da40d0-64f4-11f0-b9d2-830ef3f81fd3,90.39752,,,7.40201,,,,,,,dc739713-8529-4a29-9162-7418c64b6784,7/19/2025,01:41.4,2025-07-19T19:01:41.4160000-04:00,2025-07-19T23:01:41.4160000Z,,v3,,,,"Sengenberger, Aidan",10034113,Right,NSH_N,c180f86c-94f1-4e08-ad03-eaf1fd3b8ad5,54.12464,-131.97292,13.3621,6.20708,-3.13416,-7.97049,-1.11705,0.21453,-1.72443,,,,,,,,,,,,,,,,,,,,,,,,,,,,,,,,,,,,,,,,,,,,,,,,,,,High,High,High,,,,,
30,7/19/2025,02:01.4,2,5,"McNaught, Ray",1000145668,Right,NSH_N,"Reese, Ripken",1000091387,Left,KEE_SWA,Undefined,7,Top,0,2,2,Fastball,Cutter,InPlay,Undefined,GroundBall,Single,0,0,,88.9519,-1.893177,-0.581689,2261.076623,186.281326,12:15,6.18747,1.04073,6.50771,-22.42048,11.84343,1.19201,2.58098,0.60622,82.00407,-6.116575,-0.365081,0.421298,74.62991,-51.811297,-17.919872,,,,,2.44053,2.44053,-29.296441,0.028492,-0.77858,7.02744,-1.00063,50,6.04539,1.2682,-129.3732,-4.92697,-1.32716,25.54237,-20.1954,NSH_N,KEE_SWA,FraserField,NECBL,NECL,20250719-FraserField-1,61f09540-64f4-11f0-b9d2-830ef3f81fd3,89.46732,2.45901,,6.94783,,,,0.28796,2.45901,-0.59907,dc739713-8529-4a29-9162-7418c64b6784,7/19/2025,02:01.4,2025-07-19T19:02:01.4310000-04:00,2025-07-19T23:02:01.4310000Z,GroundBall,v3,,,,"Sengenberger, Aidan",10034113,Right,NSH_N,99ce5600-e1c5-41a3-b12d-b22d4c8f88c1,53.99061,-130.15869,12.77118,6.18736,-4.30591,-10.0977,-1.04026,1.30902,-0.66358,,0.28701,64.59455,,,,,,,,2.46027,-86.3052,,,,,,,,-0.59877,-20.88821,,,,,,,,,,,,,,,,,,,,,,,,,,,,,,High,High,High,Estimated,Estimated,,,
31,7/19/2025,02:44.9,3,1,"McNaught, Ray",1000145668,Right,NSH_N,"O'Brien, Michael",824621,Left,KEE_SWA,Undefined,7,Top,0,0,0,Fastball,Four-Seam,InPlay,Undefined,GroundBall,Single,0,1,,88.69712,-2.100576,-1.413569,2424.551405,209.759639,1:00,6.27266,0.97125,6.46228,-22.66399,12.24048,6.34067,2.45315,0.201,80.94942,-6.386673,-0.262604,0.425218,83.30591,-7.695559,25.286945,,,,,16.55661,16.03746,21.263632,0.125324,-3.75355,7.37276,-0.8742,50,6.11416,2.93724,-128.8346,-5.38048,-6.27316,28.17914,-19.8523,NSH_N,KEE_SWA,FraserField,NECBL,NECL,20250719-FraserField-1,7bd1a4e0-64f4-11f0-b9d2-830ef3f81fd3,88.64257,2.55935,,7.7477,,,,1.88384,2.55935,-0.22788,dc739713-8529-4a29-9162-7418c64b6784,7/19/2025,02:44.9,2025-07-19T19:02:44.9100000-04:00,2025-07-19T23:02:44.9100000Z,GroundBall,v3,,,,"Sengenberger, Aidan",10034113,Right,NSH_N,b560dff6-a24a-4c1f-9777-b22488883f04,54.03562,-129.71428,14.08957,6.27245,-4.76074,-9.92615,-0.96895,3.13308,-3.13658,30.35733,1.88364,109.49963,-11.26447,,,,,,,2.55982,-16.41049,-32.06991,,,,,,,-0.22778,51.7093,-15.81096,,,,,,,,,,,,,,,,,,,,,,,,,,,,,High,High,High,Medium,High,,,
33,7/19/2025,03:54.2,4,2,"McNaught, Ray",1000145668,Right,NSH_N,"Romano, Nick",804507,Left,KEE_SWA,Undefined,7,Top,0,1,0,Fastball,Four-Seam,StrikeCalled,Undefined,Undefined,Undefined,0,0,,88.89812,-1.664097,-1.406184,2398.083042,207.49792,1:00,6.13895,1.11978,6.61453,-22.47926,11.9954,5.66264,2.74072,0.30355,81.21016,-5.928669,-0.375498,0.422592,,,,,,,,,,,,-3.38315,7.13469,-1.02635,50,6.01649,2.95533,-129.18977,-4.38481,-5.69632,27.8524,-20.16122,NSH_N,KEE_SWA,FraserField,NECBL,NECL,20250719-FraserField-1,a5235780-64f4-11f0-b9d2-830ef3f81fd3,89.19338,,,7.68796,,,,,,,dc739713-8529-4a29-9162-7418c64b6784,7/19/2025,03:54.2,2025-07-19T19:03:54.2390000-04:00,2025-07-19T23:03:54.2390000Z,,v3,,,,"Sengenberger, Aidan",10034113,Right,NSH_N,a4a7da17-5ed5-4d0f-a970-e9daf036243b,53.88246,-130.02411,13.9262,6.13879,-3.78087,-10.08061,-1.11744,3.12596,-2.84816,,,,,,,,,,,,,,,,,,,,,,,,,,,,,,,,,,,,,,,,,,,,,,,,,,,High,High,High,,,,,
34,7/19/2025,04:12.1,4,3,"McNaught, Ray",1000145668,Right,NSH_N,"Romano, Nick",804507,Left,KEE_SWA,Undefined,7,Top,0,1,1,Fastball,Slider,InPlay,Undefined,GroundBall,FieldersChoice,1,0,,88.72973,-2.640431,-0.74786,2273.826098,220.618551,1:15,6.1266,1.11089,6.49461,-27.71261,7.02737,5.08166,1.39153,0.84782,81.45157,-7.818054,0.176272,0.424215,37.74115,-68.618691,51.602022,,,,,2.40004,2.24125,-8.954446,0.029309,-2.89697,4.75949,-1.06069,50,5.92943,1.49193,-128.91674,-6.78852,-4.86258,27.45468,-24.18528,NSH_N,KEE_SWA,FraserField,NECBL,NECL,20250719-FraserField-1,afc22720-64f4-11f0-b9d2-830ef3f81fd3,88.85214,1.52252,,7.27817,,,,2.00054,1.52252,-0.84073,dc739713-8529-4a29-9162-7418c64b6784,7/19/2025,04:12.1,2025-07-19T19:04:12.0760000-04:00,2025-07-19T23:04:12.0760000Z,GroundBall,v3,,,,"Sengenberger, Aidan",10034113,Right,NSH_N,97563476-4faf-43de-842b-914178c7ed8b,54.00417,-129.76669,13.72734,6.12801,-6.03979,-12.09264,-1.10921,1.64247,-2.43129,,2.00008,12.63256,,,,,,,,1.52443,-51.94722,,,,,,,,-0.84132,15.93948,,,,,,,,,,,,,,,,,,,,,,,,,,,,,,High,High,High,Low,Low,,,
36,7/19/2025,05:44.4,5,2,"McNaught, Ray",1000145668,Right,NSH_N,"Jaros, Ryan",703550,Right,KEE_SWA,Undefined,7,Top,1,1,0,Fastball,Four-Seam,InPlay,Undefined,LineDrive,Out,2,0,,89.70263,-3.005083,-2.311385,2420.603172,176.149421,11:45,6.22498,1.15689,6.25677,-20.21332,13.89371,-0.86685,1.76476,-1.04782,82.79165,-6.795465,-2.467917,0.420333,76.73677,11.76586,0.938337,1106.700619,109.92117,7.27116,4.16183,145.16433,128.59931,2.317796,1.503121,-0.14717,8.32981,-0.98496,50,5.9917,5.29032,-130.23114,-7.44787,-0.25434,25.74166,-17.77868,NSH_N,KEE_SWA,FraserField,NECBL,NECL,20250719-FraserField-1,e6d06420-64f4-11f0-b9d2-830ef3f81fd3,89.6728,9.66074,,6.91098,,,,1.88111,1.8034,1.00552,dc739713-8529-4a29-9162-7418c64b6784,7/19/2025,05:44.4,2025-07-19T19:05:44.4170000-04:00,2025-07-19T23:05:44.4170000Z,LineDrive,v3,,,,"Sengenberger, Aidan",10034113,Right,NSH_N,9e82da04-67eb-4ee8-8aed-997b0b997b37,54.2424,-131.06702,12.87083,6.22417,-6.87056,-8.88934,-1.15688,5.29858,-0.12717,224.608164,1.88111,110.16858,-12.96686,2.60459,-0.42698,-0.0277,0.06978,-0.02994,0.00482,1.8034,22.94837,-17.45963,1.21804,-0.34751,0.21672,-0.13137,0.04796,-0.00735,1.00551,1.80529,1.05521,-0.09281,0.07732,-0.10759,0.07872,-0.02964,0.00458,,,,,,,,,,,,,,,,,,,,,,,High,High,High,High,High,,,
